Timestamp,Power,Result,PatternRIS0
2025-11-19T14:22:38.193946,10.0,-74.45260047912598,0
2025-11-19T14:22:38.381747,10.0,-74.31248188018799,1
2025-11-19T14:22:38.569168,10.0,-74.36931133270264,2
2025-11-19T14:22:38.757109,10.0,-74.33433532714844,3
2025-11-19T14:22:38.945464,10.0,-74.33906078338623,4
2025-11-19T14:22:39.133800,10.0,-74.37960624694824,5
2025-11-19T14:22:39.322078,10.0,-74.35337543487549,6
2025-11-19T14:22:39.508707,10.0,-74.34248447418213,7
2025-11-19T14:22:39.696502,10.0,-74.31074619293213,8
2025-11-19T14:22:39.884728,10.0,-74.35905456542969,9
2025-11-19T14:22:40.072985,10.0,-74.28319454193115,10
2025-11-19T14:22:40.260651,10.0,-74.32724952697754,11
2025-11-19T14:22:40.448629,10.0,-74.3095874786377,12
2025-11-19T14:22:40.636577,10.0,-74.27788734436035,13
2025-11-19T14:22:40.824263,10.0,-74.21347618103027,14
2025-11-19T14:22:41.011690,10.0,-74.2182731628418,15
2025-11-19T14:22:41.199672,10.0,-74.33635711669922,16
2025-11-19T14:22:41.388155,10.0,-74.32591915130615,17
2025-11-19T14:22:41.576916,10.0,-74.28688526153564,18
2025-11-19T14:22:41.766374,10.0,-74.32055950164795,19
2025-11-19T14:22:41.955208,10.0,-74.32518482208252,20
2025-11-19T14:22:42.143608,10.0,-74.29786205291748,21
2025-11-19T14:22:42.331777,10.0,-74.25740242004395,22
2025-11-19T14:22:42.520163,10.0,-74.28257942199707,23
2025-11-19T14:22:42.707755,10.0,-74.28529739379883,24
2025-11-19T14:22:42.895486,10.0,-74.2591142654419,25
2025-11-19T14:22:43.083111,10.0,-74.27416801452637,26
2025-11-19T14:22:43.271941,10.0,-74.3554162979126,27
2025-11-19T14:22:43.460397,10.0,-74.36395168304443,28
2025-11-19T14:22:43.649129,10.0,-74.24065589904785,29
2025-11-19T14:22:43.836614,10.0,-74.28408622741699,30
2025-11-19T14:22:44.024712,Noise,-74.31775093078613,0
2025-11-19T14:22:44.211255,Noise,-74.3488597869873,1
2025-11-19T14:22:44.397545,Noise,-74.27721500396729,2
2025-11-19T14:22:44.585279,Noise,-74.27292823791504,3
2025-11-19T14:28:00.410755,10.0,-74.1844129562378,0
2025-11-19T14:28:00.599212,10.0,-74.27618026733398,1
2025-11-19T14:28:00.788259,10.0,-74.41338539123535,2
2025-11-19T14:28:00.976380,10.0,-74.35875415802002,3
2025-11-19T14:28:01.164262,10.0,-74.35486316680908,4
2025-11-19T14:28:01.352259,10.0,-74.31731224060059,5
2025-11-19T14:28:01.541072,10.0,-74.24053192138672,6
2025-11-19T14:28:01.729568,10.0,-74.27745819091797,7
2025-11-19T14:28:01.918489,10.0,-74.2849349975586,8
2025-11-19T14:28:02.107794,10.0,-74.27172660827637,9
2025-11-19T14:28:02.296473,10.0,-74.39413547515869,10
2025-11-19T14:28:02.484986,10.0,-74.270339012146,11
2025-11-19T14:28:02.673185,10.0,-74.33034420013428,12
2025-11-19T14:28:02.860839,10.0,-74.26678657531738,13
2025-11-19T14:28:03.048281,10.0,-74.29712295532227,14
2025-11-19T14:28:03.236144,10.0,-74.29047107696533,15
2025-11-19T14:28:03.423791,10.0,-74.26663398742676,16
2025-11-19T14:28:03.612497,10.0,-74.25125122070312,17
2025-11-19T14:28:03.800565,10.0,-74.33611392974854,18
2025-11-19T14:28:03.988450,10.0,-74.28333282470703,19
2025-11-19T14:28:04.176261,10.0,-74.2522144317627,20
2025-11-19T14:28:04.364251,10.0,-74.27126407623291,21
2025-11-19T14:28:04.551884,10.0,-74.29968357086182,22
2025-11-19T14:28:04.739856,10.0,-74.24405574798584,23
2025-11-19T14:28:04.927692,10.0,-74.32061195373535,24
2025-11-19T14:28:05.115546,10.0,-74.28139686584473,25
2025-11-19T14:28:05.303135,10.0,-74.31663513183594,26
2025-11-19T14:28:05.490435,10.0,-74.3306016921997,27
2025-11-19T14:28:05.677792,10.0,-74.2257833480835,28
2025-11-19T14:28:05.866269,10.0,-74.27036762237549,29
2025-11-19T14:28:06.053870,10.0,-74.36103343963623,30
2025-11-19T14:28:06.241402,Noise,-74.28128242492676,0
2025-11-19T14:28:06.429794,Noise,-74.32098388671875,1
2025-11-19T14:28:06.617433,Noise,-74.29075717926025,2
2025-11-19T14:28:06.805223,Noise,-74.31522846221924,3
2025-11-19T14:28:06.993400,Noise,-74.2123794555664,4
2025-11-19T14:28:07.181119,Noise,-74.2618179321289,5
2025-11-19T14:28:07.368921,Noise,-74.25719261169434,6
2025-11-19T14:28:07.556818,Noise,-74.31558609008789,7
2025-11-19T14:28:07.744668,Noise,-74.2765998840332,8
2025-11-19T14:28:07.932711,Noise,-74.26277160644531,9
2025-11-19T14:28:08.120473,Noise,-74.33356285095215,10
2025-11-19T14:28:08.308098,Noise,-74.31097030639648,11
2025-11-19T14:28:08.495227,Noise,-74.22567844390869,12
2025-11-19T14:28:08.682446,Noise,-74.36389446258545,13
2025-11-19T14:28:08.869800,Noise,-74.227614402771,14
2025-11-19T14:28:09.057111,Noise,-74.24638748168945,15
2025-11-19T14:28:09.244444,Noise,-74.31184768676758,16
2025-11-19T14:29:11.284415,10.0,-74.21232223510742,0
2025-11-19T14:29:11.472352,10.0,-74.35421466827393,1
2025-11-19T14:29:11.660280,10.0,-74.3640661239624,2
2025-11-19T14:29:11.848095,10.0,-74.3223524093628,3
2025-11-19T14:29:12.035693,10.0,-74.34794425964355,4
2025-11-19T14:29:12.223840,10.0,-74.32752132415771,5
2025-11-19T14:29:12.411963,10.0,-74.34860229492188,6
2025-11-19T14:29:12.600132,10.0,-74.28681373596191,7
2025-11-19T14:29:12.788211,10.0,-74.24619674682617,8
2025-11-19T14:29:12.976170,10.0,-74.39709663391113,9
2025-11-19T14:29:13.165058,10.0,-74.35029029846191,10
2025-11-19T14:29:13.352924,10.0,-74.25012588500977,11
2025-11-19T14:29:13.541380,10.0,-74.29473400115967,12
2025-11-19T14:29:13.728294,10.0,-74.30510997772217,13
2025-11-19T14:29:13.915441,10.0,-74.25665855407715,14
2025-11-19T14:29:14.102943,10.0,-74.25636291503906,15
2025-11-19T14:29:14.290629,10.0,-74.30541038513184,16
2025-11-19T14:29:14.477757,10.0,-74.3171215057373,17
2025-11-19T14:29:14.664563,10.0,-74.27800178527832,18
2025-11-19T14:29:14.852007,10.0,-74.33468341827393,19
2025-11-19T14:29:15.040279,10.0,-74.28033828735352,20
2025-11-19T14:29:15.226798,10.0,-74.30787086486816,21
2025-11-19T14:29:15.413918,10.0,-74.33088302612305,22
2025-11-19T14:29:15.601444,10.0,-74.25777435302734,23
2025-11-19T14:29:15.789059,10.0,-74.3643856048584,24
2025-11-19T14:29:15.975713,10.0,-74.32621955871582,25
2025-11-19T14:29:16.162014,10.0,-74.31734561920166,26
2025-11-19T14:29:16.348024,10.0,-74.29782390594482,27
2025-11-19T14:29:16.536144,10.0,-74.29052829742432,28
2025-11-19T14:29:16.724348,10.0,-74.29769039154053,29
2025-11-19T14:29:16.911928,10.0,-74.3035364151001,30
2025-11-19T14:29:17.099890,Noise,-74.34555530548096,0
2025-11-19T14:29:17.287786,Noise,-74.24755573272705,1
2025-11-19T14:29:17.475233,Noise,-74.27406311035156,2
2025-11-19T14:29:17.662627,Noise,-74.36036109924316,3
2025-11-19T14:29:17.850570,Noise,-74.20859336853027,4
2025-11-19T14:29:18.038389,Noise,-74.27573204040527,5
2025-11-19T14:29:18.226057,Noise,-74.31926250457764,6
2025-11-19T14:29:18.414361,Noise,-74.27124977111816,7
2025-11-19T14:29:18.602548,Noise,-74.37132358551025,8
2025-11-19T14:29:18.790245,Noise,-74.25558567047119,9
2025-11-19T14:29:18.977674,Noise,-74.28276062011719,10
2025-11-19T14:29:19.165269,Noise,-74.23744678497314,11
2025-11-19T14:29:19.352919,Noise,-74.2550277709961,12
2025-11-19T14:29:19.540612,Noise,-74.23913955688477,13
2025-11-19T14:29:19.728318,Noise,-74.26117897033691,14
2025-11-19T14:29:19.915830,Noise,-74.20820713043213,15
2025-11-19T14:29:20.103635,Noise,-74.20144081115723,16
2025-11-19T14:29:20.291374,Noise,-74.3476390838623,17
2025-11-19T14:29:20.478483,Noise,-74.27398681640625,18
2025-11-19T14:29:20.665970,Noise,-74.33070182800293,19
2025-11-19T14:29:20.852453,Noise,-74.30565357208252,20
2025-11-19T14:29:21.039471,Noise,-74.32957649230957,21
2025-11-19T14:29:21.226705,Noise,-74.35442447662354,22
2025-11-19T14:29:21.413570,Noise,-74.35291767120361,23
2025-11-19T14:29:21.601276,Noise,-74.30896759033203,24
2025-11-19T14:29:21.788591,Noise,-74.28766250610352,25
2025-11-19T14:29:21.976821,Noise,-74.35454845428467,26
2025-11-19T14:29:22.164599,Noise,-74.24448013305664,27
2025-11-19T14:29:22.352408,Noise,-74.21787738800049,28
2025-11-19T14:29:22.540812,Noise,-74.27698135375977,29
2025-11-19T14:29:22.728777,Noise,-74.30471420288086,30
2025-11-19T14:29:22.916865,-5,-74.3199872970581,0
2025-11-19T14:29:23.104501,-5,-74.31413650512695,1
2025-11-19T14:29:23.291906,-5,-74.30913925170898,2
2025-11-19T14:29:23.480164,-5,-74.31056499481201,3
2025-11-19T14:29:23.667709,-5,-74.21207427978516,4
2025-11-19T14:29:23.855133,-5,-74.30113792419434,5
2025-11-19T14:29:24.043081,-5,-74.34656620025635,6
2025-11-19T14:29:24.230552,-5,-74.22922134399414,7
2025-11-19T14:29:24.418507,-5,-74.30863380432129,8
2025-11-19T14:29:24.606873,-5,-74.36538696289062,9
2025-11-19T14:29:24.794241,-5,-74.24179077148438,10
2025-11-19T14:29:24.981877,-5,-74.30562973022461,11
2025-11-19T14:29:25.169454,-5,-74.29133892059326,12
2025-11-19T14:29:25.357318,-5,-74.32551860809326,13
2025-11-19T14:29:25.544762,-5,-74.27534103393555,14
2025-11-19T14:29:25.732690,-5,-74.34309482574463,15
2025-11-19T14:29:25.920751,-5,-74.23608779907227,16
2025-11-19T14:29:26.108242,-5,-74.25282001495361,17
2025-11-19T14:29:26.295041,-5,-74.2464542388916,18
2025-11-19T14:29:26.483208,-5,-74.18992519378662,19
2025-11-19T14:29:26.670815,-5,-74.33804512023926,20
2025-11-19T14:29:26.858530,-5,-74.2500114440918,21
2025-11-19T14:29:27.046472,-5,-74.29754734039307,22
2025-11-19T14:29:27.234573,-5,-74.27167892456055,23
2025-11-19T14:29:27.423640,-5,-74.26097869873047,24
2025-11-19T14:29:27.611831,-5,-74.27609443664551,25
2025-11-19T14:29:27.799033,-5,-74.31933403015137,26
2025-11-19T14:29:27.988254,-5,-74.19953346252441,27
2025-11-19T14:29:28.177626,-5,-74.23488140106201,28
2025-11-19T14:29:28.365375,-5,-74.26766395568848,29
2025-11-19T14:29:28.552287,-5,-74.31410312652588,30
2025-11-19T14:30:45.560796,10.0,-74.16894435882568,0
2025-11-19T14:30:45.748828,10.0,-74.27473545074463,1
2025-11-19T14:30:45.936276,10.0,-74.41357612609863,2
2025-11-19T14:30:46.124319,10.0,-74.3326187133789,3
2025-11-19T14:30:46.311585,10.0,-74.29104804992676,4
2025-11-19T14:30:46.499215,10.0,-74.30055141448975,5
2025-11-19T14:30:46.687433,10.0,-74.3895959854126,6
2025-11-19T14:30:46.875201,10.0,-74.35419082641602,7
2025-11-19T14:30:47.063346,10.0,-74.29089069366455,8
2025-11-19T14:30:47.251308,10.0,-74.33289051055908,9
2025-11-19T14:30:47.438812,10.0,-74.30459022521973,10
2025-11-19T14:30:47.626298,10.0,-74.33653354644775,11
2025-11-19T14:30:47.812349,10.0,-74.29216384887695,12
2025-11-19T14:30:47.998820,10.0,-74.35354232788086,13
2025-11-19T14:30:48.186307,10.0,-74.31490421295166,14
2025-11-19T14:30:48.373192,10.0,-74.30856227874756,15
2025-11-19T14:30:48.560217,10.0,-74.31196689605713,16
2025-11-19T14:30:48.748530,10.0,-74.32802200317383,17
2025-11-19T14:30:48.936515,10.0,-74.3195390701294,18
2025-11-19T14:30:49.123744,10.0,-74.31873798370361,19
2025-11-19T14:30:49.311436,10.0,-74.28396701812744,20
2025-11-19T14:30:49.498757,10.0,-74.2659854888916,21
2025-11-19T14:30:49.685809,10.0,-74.24409866333008,22
2025-11-19T14:30:49.873534,10.0,-74.411301612854,23
2025-11-19T14:30:50.061832,10.0,-74.35155868530273,24
2025-11-19T14:30:50.249909,10.0,-74.32617664337158,25
2025-11-19T14:30:50.438310,10.0,-74.22673225402832,26
2025-11-19T14:30:50.625776,10.0,-74.33408260345459,27
2025-11-19T14:30:50.813846,10.0,-74.19280529022217,28
2025-11-19T14:30:51.001382,10.0,-74.30875301361084,29
2025-11-19T14:30:51.188843,10.0,-74.33862209320068,30
2025-11-19T14:30:51.376724,Noise,-74.30753231048584,0
2025-11-19T14:30:51.564345,Noise,-74.30235385894775,1
2025-11-19T14:30:51.752569,Noise,-74.35774803161621,2
2025-11-19T14:30:51.939846,Noise,-74.25174713134766,3
2025-11-19T14:30:52.128035,Noise,-74.26699161529541,4
2025-11-19T14:30:52.315698,Noise,-74.21422481536865,5
2025-11-19T14:30:52.503715,Noise,-74.32164669036865,6
2025-11-19T14:30:52.691239,Noise,-74.29728507995605,7
2025-11-19T14:30:52.877901,Noise,-74.35975074768066,8
2025-11-19T14:30:53.065379,Noise,-74.33932304382324,9
2025-11-19T14:30:53.252133,Noise,-74.23426151275635,10
2025-11-19T14:30:53.439461,Noise,-74.33657169342041,11
2025-11-19T14:30:53.627167,Noise,-74.28143501281738,12
2025-11-19T14:30:53.815483,Noise,-74.32333946228027,13
2025-11-19T14:30:54.003017,Noise,-74.28831100463867,14
2025-11-19T14:30:54.190829,Noise,-74.36793804168701,15
2025-11-19T14:30:54.378291,Noise,-74.29756164550781,16
2025-11-19T14:30:54.565416,Noise,-74.31089401245117,17
2025-11-19T14:30:54.752953,Noise,-74.2768383026123,18
2025-11-19T14:30:54.940678,Noise,-74.29319381713867,19
2025-11-19T14:44:28.089107,10.0,-74.23013210296631,0
2025-11-19T14:44:28.276362,10.0,-74.25492286682129,1
2025-11-19T14:44:28.464116,10.0,-74.34608936309814,2
2025-11-19T14:44:28.652383,10.0,-74.38899040222168,3
2025-11-19T14:44:28.840360,10.0,-74.2966890335083,4
2025-11-19T14:44:29.027971,10.0,-74.33815479278564,5
2025-11-19T14:44:29.216104,10.0,-74.3233585357666,6
2025-11-19T14:44:29.404815,10.0,-74.37519550323486,7
2025-11-19T14:44:29.592127,10.0,-74.39220428466797,8
2025-11-19T14:44:29.780580,10.0,-74.3326997756958,9
2025-11-19T14:44:29.967977,10.0,-74.2802381515503,10
2025-11-19T14:44:30.156811,10.0,-74.2972183227539,11
2025-11-19T14:44:30.345094,10.0,-74.21170711517334,12
2025-11-19T14:44:30.533192,10.0,-74.32379245758057,13
2025-11-19T14:44:30.721021,10.0,-74.31412696838379,14
2025-11-19T14:44:30.909149,10.0,-74.31349277496338,15
2025-11-19T14:44:31.098167,10.0,-74.3476676940918,16
2025-11-19T14:44:31.286909,10.0,-74.2483139038086,17
2025-11-19T14:44:31.475548,10.0,-74.19540405273438,18
2025-11-19T14:44:31.665009,10.0,-74.37119960784912,19
2025-11-19T14:44:31.852923,10.0,-74.25035953521729,20
2025-11-19T14:44:32.041221,10.0,-74.25322532653809,21
2025-11-19T14:44:32.229089,10.0,-74.30243968963623,22
2025-11-19T14:44:32.416320,10.0,-74.27568912506104,23
2025-11-19T14:44:32.603486,10.0,-74.2879867553711,24
2025-11-19T14:47:09.295960,10.0,-74.25794124603271,0
2025-11-19T14:47:09.484164,10.0,-74.2124080657959,1
2025-11-19T14:47:09.671568,10.0,-74.27855968475342,2
2025-11-19T14:47:09.858953,10.0,-74.27858829498291,3
2025-11-19T14:47:10.046899,10.0,-74.35216426849365,4
2025-11-19T14:47:10.234950,10.0,-74.33205127716064,5
2025-11-19T14:47:10.423629,10.0,-74.22446250915527,6
2025-11-19T14:47:10.611757,10.0,-74.31883811950684,7
2025-11-19T14:47:10.799649,10.0,-74.27989482879639,8
2025-11-19T14:47:10.987588,10.0,-74.35665130615234,9
2025-11-19T14:47:11.176364,10.0,-74.27580833435059,10
2025-11-19T14:47:11.364376,10.0,-74.32785987854004,11
2025-11-19T14:47:11.553412,10.0,-74.3682050704956,12
2025-11-19T14:47:11.741152,10.0,-74.28530216217041,13
2025-11-19T14:47:11.928648,10.0,-74.30214405059814,14
2025-11-19T14:47:12.116310,10.0,-74.3592643737793,15
2025-11-19T14:47:12.304327,10.0,-74.29588317871094,16
2025-11-19T14:47:12.491825,10.0,-74.32490348815918,17
2025-11-19T14:47:12.679159,10.0,-74.30971622467041,18
2025-11-19T14:51:06.193373,10.0,-74.17108535766602,0
2025-11-19T14:51:06.381170,10.0,-74.13487434387207,1
2025-11-19T14:51:06.568888,10.0,-74.312744140625,2
2025-11-19T14:51:06.757270,10.0,-74.3765926361084,3
2025-11-19T14:51:06.945159,10.0,-74.35037612915039,4
2025-11-19T14:51:07.132983,10.0,-74.33807373046875,5
2025-11-19T14:51:07.321054,10.0,-74.37429428100586,6
2025-11-19T14:51:07.508689,10.0,-74.35531616210938,7
2025-11-19T14:51:07.696170,10.0,-74.21916484832764,8
2025-11-19T14:51:07.884036,10.0,-74.33374881744385,9
2025-11-19T14:51:08.071436,10.0,-74.30034160614014,10
2025-11-19T14:51:08.258840,10.0,-74.34422492980957,11
2025-11-19T14:51:08.446631,10.0,-74.3234395980835,12
2025-11-19T14:51:08.634776,10.0,-74.24943447113037,13
2025-11-19T14:51:08.823017,10.0,-74.30514335632324,14
2025-11-19T14:51:09.011689,10.0,-74.30022716522217,15
2025-11-19T14:51:09.200211,10.0,-74.37592506408691,16
2025-11-19T14:51:09.388923,10.0,-74.22496318817139,17
2025-11-19T14:51:09.577645,10.0,-74.27917003631592,18
2025-11-19T14:51:09.765770,10.0,-74.32403564453125,19
2025-11-19T14:51:09.954178,10.0,-74.26431655883789,20
2025-11-19T14:51:10.141277,10.0,-74.3191385269165,21
2025-11-19T14:51:10.329317,10.0,-74.24300193786621,22
2025-11-19T14:51:10.517357,10.0,-74.35549736022949,23
2025-11-19T14:51:10.705089,10.0,-74.37720775604248,24
2025-11-19T14:51:10.893422,10.0,-74.2665958404541,25
2025-11-19T14:51:11.081360,10.0,-74.32286262512207,26
2025-11-19T14:51:11.269311,10.0,-74.29752349853516,27
2025-11-19T14:51:11.457361,10.0,-74.39779758453369,28
2025-11-19T14:51:11.645237,10.0,-74.2876672744751,29
2025-11-19T14:51:11.833433,10.0,-74.28006649017334,30
2025-11-19T14:51:12.021879,Noise,-74.23213005065918,0
2025-11-19T14:51:12.210635,Noise,-74.3122386932373,1
2025-11-19T14:51:12.398776,Noise,-74.29401874542236,2
2025-11-19T14:51:12.586834,Noise,-74.34347152709961,3
2025-11-19T14:51:12.775139,Noise,-74.30540084838867,4
2025-11-19T14:51:12.963627,Noise,-74.25171852111816,5
2025-11-19T14:51:13.150972,Noise,-74.22788619995117,6
2025-11-19T14:51:13.338267,Noise,-74.1929817199707,7
2025-11-19T14:51:13.525467,Noise,-74.30301189422607,8
2025-11-19T14:51:13.712936,Noise,-74.27523612976074,9
2025-11-19T14:51:13.900758,Noise,-74.29261684417725,10
2025-11-19T14:51:14.088918,Noise,-74.2586898803711,11
2025-11-19T14:51:14.277199,Noise,-74.28062438964844,12
2025-11-19T14:51:14.465161,Noise,-74.2858076095581,13
2025-11-19T14:51:14.652968,Noise,-74.23397541046143,14
2025-11-19T14:51:14.841186,Noise,-74.2274284362793,15
2025-11-19T14:51:15.028456,Noise,-74.31267738342285,16
2025-11-19T14:51:15.216470,Noise,-74.28526878356934,17
2025-11-19T14:51:15.404556,Noise,-74.30436611175537,18
2025-11-19T14:51:15.592848,Noise,-74.30190563201904,19
2025-11-19T14:51:15.781192,Noise,-74.32082653045654,20
2025-11-19T14:51:15.968496,Noise,-74.30882930755615,21
2025-11-19T14:51:16.156499,Noise,-74.30314540863037,22
2025-11-19T14:51:16.345203,Noise,-74.36612606048584,23
2025-11-19T14:51:16.532945,Noise,-74.27231788635254,24
2025-11-19T14:51:16.720591,Noise,-74.28772926330566,25
2025-11-19T14:51:16.908733,Noise,-74.25796508789062,26
2025-11-19T14:51:17.096868,Noise,-74.33614730834961,27
2025-11-19T14:51:17.284830,Noise,-74.29394721984863,28
2025-11-19T14:51:17.472744,Noise,-74.27745819091797,29
2025-11-19T14:51:17.660547,Noise,-74.31312561035156,30
2025-11-19T14:51:17.848707,-5,-74.3167495727539,0
2025-11-19T14:51:18.037184,-5,-74.28454399108887,1
2025-11-19T14:51:18.225323,-5,-74.35352802276611,2
2025-11-19T14:51:18.413397,-5,-74.27996158599854,3
2025-11-19T14:51:18.600817,-5,-74.3707799911499,4
2025-11-19T14:51:18.788365,-5,-74.29164409637451,5
2025-11-19T14:51:18.976046,-5,-74.21542167663574,6
2025-11-19T14:51:19.163789,-5,-74.3221664428711,7
2025-11-19T14:51:19.351528,-5,-74.27462100982666,8
2025-11-19T14:51:19.539215,-5,-74.28711891174316,9
2025-11-19T14:51:19.726486,-5,-74.27625179290771,10
2025-11-19T14:51:19.914281,-5,-74.33458805084229,11
2025-11-19T14:51:20.102399,-5,-74.3570327758789,12
2025-11-19T14:51:20.290417,-5,-74.24540042877197,13
2025-11-19T14:51:20.478101,-5,-74.26475524902344,14
2025-11-19T14:51:20.666308,-5,-74.36633110046387,15
2025-11-19T14:51:20.853902,-5,-74.26607131958008,16
2025-11-19T14:51:21.041362,-5,-74.36875820159912,17
2025-11-19T14:51:21.228511,-5,-74.337477684021,18
2025-11-19T14:51:21.415634,-5,-74.27708148956299,19
2025-11-19T14:51:21.603364,-5,-74.26092624664307,20
2025-11-19T14:51:21.790784,-5,-74.23633575439453,21
2025-11-19T14:51:21.977779,-5,-74.25487041473389,22
2025-11-19T14:51:22.165345,-5,-74.2582893371582,23
2025-11-19T14:51:22.353074,-5,-74.2991590499878,24
2025-11-19T14:51:22.540026,-5,-74.3198013305664,25
2025-11-19T14:51:22.727754,-5,-74.22464847564697,26
2025-11-19T14:51:22.915547,-5,-74.25651550292969,27
2025-11-19T14:51:23.102943,-5,-74.3240213394165,28
2025-11-19T14:51:23.290055,-5,-74.28866386413574,29
2025-11-19T14:51:23.477018,-5,-74.22372341156006,30
2025-11-19T14:55:27.520512,10.0,-74.25929546356201,0
2025-11-19T14:55:27.708202,10.0,-74.40842151641846,1
2025-11-19T14:55:27.897204,10.0,-74.40033435821533,2
2025-11-19T14:55:28.085716,10.0,-74.38291072845459,3
2025-11-19T14:55:28.273203,10.0,-74.36352729797363,4
2025-11-19T14:55:28.461458,10.0,-74.38817024230957,5
2025-11-19T14:55:28.650300,10.0,-74.36032295227051,6
2025-11-19T14:55:28.838365,10.0,-74.29962635040283,7
2025-11-19T14:55:29.026729,10.0,-74.31813716888428,8
2025-11-19T14:55:29.215231,10.0,-74.31093215942383,9
2025-11-19T14:55:29.403192,10.0,-74.25351619720459,10
2025-11-19T14:55:29.591983,10.0,-74.40320014953613,11
2025-11-19T14:55:29.780347,10.0,-74.2986536026001,12
2025-11-19T14:55:29.968697,10.0,-74.31483745574951,13
2025-11-19T14:55:30.157190,10.0,-74.32646751403809,14
2025-11-19T14:55:30.344540,10.0,-74.32165145874023,15
2025-11-19T14:55:30.532999,10.0,-74.30805206298828,16
2025-11-19T14:55:30.720908,10.0,-74.26729202270508,17
2025-11-19T14:55:30.908496,10.0,-74.33207035064697,18
2025-11-19T14:55:31.096782,10.0,-74.37429428100586,19
2025-11-19T14:55:31.284821,10.0,-74.26994323730469,20
2025-11-19T14:55:31.473097,10.0,-74.34696674346924,21
2025-11-19T14:55:31.661257,10.0,-74.31851863861084,22
2025-11-19T14:55:31.849153,10.0,-74.22024250030518,23
2025-11-19T14:55:32.037349,10.0,-74.27555561065674,24
2025-11-19T14:55:32.225484,10.0,-74.32526588439941,25
2025-11-19T14:55:32.413792,10.0,-74.35885429382324,26
2025-11-19T14:55:32.601968,10.0,-74.3578290939331,27
2025-11-19T14:55:32.790296,10.0,-74.32036876678467,28
2025-11-19T14:55:32.977849,10.0,-74.2259407043457,29
2025-11-19T14:55:33.165909,10.0,-74.32462215423584,30
2025-11-19T14:55:33.354158,Noise,-74.29815292358398,0
2025-11-19T14:55:33.541729,Noise,-74.27859306335449,1
2025-11-19T14:55:33.729326,Noise,-74.32542324066162,2
2025-11-19T14:55:33.916988,Noise,-74.28367137908936,3
2025-11-19T14:55:34.104787,Noise,-74.20583724975586,4
2025-11-19T14:55:34.292648,Noise,-74.28295135498047,5
2025-11-19T14:55:34.480456,Noise,-74.30599689483643,6
2025-11-19T14:55:34.668470,Noise,-74.2736291885376,7
2025-11-19T14:55:34.856713,Noise,-74.25807476043701,8
2025-11-19T14:55:35.044747,Noise,-74.35648918151855,9
2025-11-19T14:55:35.232826,Noise,-74.26482200622559,10
2025-11-19T14:55:35.421050,Noise,-74.2801284790039,11
2025-11-19T14:55:35.609436,Noise,-74.32295799255371,12
2025-11-19T14:55:35.797267,Noise,-74.31284427642822,13
2025-11-19T14:55:35.985442,Noise,-74.26312923431396,14
2025-11-19T14:55:36.173697,Noise,-74.28763389587402,15
2025-11-19T14:55:36.362270,Noise,-74.23844337463379,16
2025-11-19T14:55:36.550349,Noise,-74.28494930267334,17
2025-11-19T14:55:36.738380,Noise,-74.2264461517334,18
2025-11-19T14:55:36.925968,Noise,-74.25828456878662,19
2025-11-19T14:55:37.114033,Noise,-74.2566967010498,20
2025-11-19T14:55:37.302711,Noise,-74.2870044708252,21
2025-11-19T14:55:37.491380,Noise,-74.29866313934326,22
2025-11-19T14:55:37.679724,Noise,-74.35235500335693,23
2025-11-19T14:55:37.868356,Noise,-74.26944255828857,24
2025-11-19T14:55:38.056714,Noise,-74.29250717163086,25
2025-11-19T14:55:38.245175,Noise,-74.2074966430664,26
2025-11-19T14:55:38.433115,Noise,-74.22522068023682,27
2025-11-19T14:55:38.621077,Noise,-74.25200462341309,28
2025-11-19T14:55:38.808690,Noise,-74.28333282470703,29
2025-11-19T14:55:38.996278,Noise,-74.28980350494385,30
2025-11-19T14:55:39.184503,-5,-74.20441150665283,0
2025-11-19T14:55:39.372823,-5,-74.33231353759766,1
2025-11-19T14:55:39.561136,-5,-74.2927360534668,2
2025-11-19T14:55:39.748920,-5,-74.29182052612305,3
2025-11-19T14:55:39.936693,-5,-74.28231716156006,4
2025-11-19T14:55:40.125019,-5,-74.43126678466797,5
2025-11-19T14:55:40.313119,-5,-74.34588432312012,6
2025-11-19T14:55:40.501406,-5,-74.27409648895264,7
2025-11-19T14:55:40.689406,-5,-74.3079423904419,8
2025-11-19T14:55:40.876973,-5,-74.27780628204346,9
2025-11-19T14:55:41.064775,-5,-74.27478313446045,10
2025-11-19T14:55:41.254076,-5,-74.2459774017334,11
2025-11-19T14:55:41.442645,-5,-74.28175449371338,12
2025-11-19T14:55:41.631521,-5,-74.28878784179688,13
2025-11-19T14:55:41.819659,-5,-74.26887035369873,14
2025-11-19T14:55:42.007746,-5,-74.20736789703369,15
2025-11-19T14:55:42.195857,-5,-74.25817012786865,16
2025-11-19T14:55:42.384500,-5,-74.28608894348145,17
2025-11-19T14:55:42.572852,-5,-74.28995609283447,18
2025-11-19T14:55:42.760758,-5,-74.27915096282959,19
2025-11-19T14:55:42.949288,-5,-74.27656173706055,20
2025-11-19T14:55:43.136531,-5,-74.33172225952148,21
2025-11-19T14:55:43.324387,-5,-74.29184913635254,22
2025-11-19T14:55:43.512464,-5,-74.3635082244873,23
2025-11-19T14:55:43.700386,-5,-74.2728853225708,24
2025-11-19T14:55:43.888295,-5,-74.2542839050293,25
2025-11-19T14:55:44.076458,-5,-74.17896270751953,26
2025-11-19T14:55:44.265007,-5,-74.27674293518066,27
2025-11-19T14:55:44.453352,-5,-74.2935037612915,28
2025-11-19T14:55:44.641472,-5,-74.3282413482666,29
2025-11-19T14:55:44.829138,-5,-74.32246208190918,30
2025-11-19T15:04:27.558017,10.0,-74.2405652999878,0
2025-11-19T15:04:27.745227,10.0,-74.23593521118164,1
2025-11-19T15:04:27.932735,10.0,-74.44082260131836,2
2025-11-19T15:04:28.121002,10.0,-74.34412479400635,3
2025-11-19T15:04:28.308963,10.0,-74.39687252044678,4
2025-11-19T15:04:28.496998,10.0,-74.258131980896,5
2025-11-19T15:04:28.684552,10.0,-74.41226005554199,6
2025-11-19T15:04:28.872371,10.0,-74.35140609741211,7
2025-11-19T15:04:29.060142,10.0,-74.25542831420898,8
2025-11-19T15:04:29.247645,10.0,-74.25703048706055,9
2025-11-19T15:04:29.435489,10.0,-74.30578231811523,10
2025-11-19T15:04:29.623010,10.0,-74.3316125869751,11
2025-11-19T15:04:29.811142,10.0,-74.33568477630615,12
2025-11-19T15:04:29.999090,10.0,-74.40650939941406,13
2025-11-19T15:04:30.186952,10.0,-74.26478862762451,14
2025-11-19T15:04:30.375528,10.0,-74.28115367889404,15
2025-11-19T15:04:30.564205,10.0,-74.31535720825195,16
2025-11-19T15:04:30.752950,10.0,-74.23092842102051,17
2025-11-19T15:04:30.940661,10.0,-74.31245803833008,18
2025-11-19T15:04:31.128699,10.0,-74.30485248565674,19
2025-11-19T15:04:31.317211,10.0,-74.23744201660156,20
2025-11-19T15:04:31.506154,10.0,-74.312744140625,21
2025-11-19T15:04:31.694477,10.0,-74.28441047668457,22
2025-11-19T15:04:31.883054,10.0,-74.33269500732422,23
2025-11-19T15:04:32.071149,10.0,-74.35900211334229,24
2025-11-19T15:04:32.258566,10.0,-74.28945541381836,25
2025-11-19T15:04:32.445891,10.0,-74.2402982711792,26
2025-11-19T15:04:32.633718,10.0,-74.3486738204956,27
2025-11-19T15:04:32.821562,10.0,-74.43605899810791,28
2025-11-19T15:04:33.009379,10.0,-74.28907871246338,29
2025-11-19T15:04:33.196331,10.0,-74.26418781280518,30
2025-11-19T15:04:33.383539,Noise,-74.28231239318848,0
2025-11-19T15:04:33.570869,Noise,-74.29556846618652,1
2025-11-19T15:04:33.758322,Noise,-74.22183990478516,2
2025-11-19T15:04:33.946205,Noise,-74.28058624267578,3
2025-11-19T15:04:34.133917,Noise,-74.27277088165283,4
2025-11-19T15:04:34.321893,Noise,-74.27549362182617,5
2025-11-19T15:04:34.510245,Noise,-74.3143892288208,6
2025-11-19T15:04:34.697909,Noise,-74.2764949798584,7
2025-11-19T15:04:34.885930,Noise,-74.3750810623169,8
2025-11-19T15:04:35.074173,Noise,-74.28304195404053,9
2025-11-19T15:04:35.261387,Noise,-74.30044651031494,10
2025-11-19T15:04:35.448453,Noise,-74.27969932556152,11
2025-11-19T15:04:35.637203,Noise,-74.21034336090088,12
2025-11-19T15:04:35.825631,Noise,-74.24777030944824,13
2025-11-19T15:04:36.013979,Noise,-74.18679714202881,14
2025-11-19T15:04:36.201840,Noise,-74.32817459106445,15
2025-11-19T15:04:36.390568,Noise,-74.25244331359863,16
2025-11-19T15:04:36.578584,Noise,-74.22253608703613,17
2025-11-19T15:04:36.766215,Noise,-74.33112144470215,18
2025-11-19T15:04:36.953068,Noise,-74.31551456451416,19
2025-11-19T15:04:37.140094,Noise,-74.27278995513916,20
2025-11-19T15:04:37.327601,Noise,-74.31282043457031,21
2025-11-19T15:04:37.515302,Noise,-74.33800220489502,22
2025-11-19T15:04:37.702800,Noise,-74.22307014465332,23
2025-11-19T15:04:37.889785,Noise,-74.34215545654297,24
2025-11-19T15:04:38.076881,Noise,-74.30374145507812,25
2025-11-19T15:04:38.263670,Noise,-74.22787666320801,26
2025-11-19T15:04:38.450989,Noise,-74.30622100830078,27
2025-11-19T15:04:38.638505,Noise,-74.22105312347412,28
2025-11-19T15:04:38.826627,Noise,-74.32254791259766,29
2025-11-19T15:04:39.013823,Noise,-74.29072856903076,30
2025-11-19T15:04:39.201244,-5,-74.30209636688232,0
2025-11-19T15:04:50.929644,10.0,-73.93853187561035,0
2025-11-19T15:04:51.117646,10.0,-74.34783935546875,1
2025-11-19T15:04:51.305822,10.0,-74.31512355804443,2
2025-11-19T15:04:51.494101,10.0,-74.31527614593506,3
2025-11-19T15:04:51.681831,10.0,-74.38915252685547,4
2025-11-19T15:04:51.869582,10.0,-74.33979988098145,5
2025-11-19T15:04:52.057277,10.0,-74.37218189239502,6
2025-11-19T15:04:52.244782,10.0,-74.3889856338501,7
2025-11-19T15:04:52.432026,10.0,-74.35849189758301,8
2025-11-19T15:04:52.619723,10.0,-74.33265209197998,9
2025-11-19T15:04:52.807317,10.0,-74.38192844390869,10
2025-11-19T15:04:52.995429,10.0,-74.42675590515137,11
2025-11-19T15:04:53.184277,10.0,-74.37365531921387,12
2025-11-19T15:04:53.372991,10.0,-74.22708988189697,13
2025-11-19T15:04:53.560909,10.0,-74.35528755187988,14
2025-11-19T15:04:53.748332,10.0,-74.31375503540039,15
2025-11-19T15:06:55.769874,10.0,-74.31159019470215,0
2025-11-19T15:06:55.958204,10.0,-74.25589084625244,1
2025-11-19T15:06:56.146414,10.0,-74.32133197784424,2
2025-11-19T15:06:56.334994,10.0,-74.38375473022461,3
2025-11-19T15:06:56.523575,10.0,-74.28578853607178,4
2025-11-19T15:06:56.712298,10.0,-74.38966751098633,5
2025-11-19T15:06:56.900431,10.0,-74.35638427734375,6
2025-11-19T15:06:57.088931,10.0,-74.32573795318604,7
2025-11-19T15:06:57.277293,10.0,-74.34151649475098,8
2025-11-19T15:06:57.465502,10.0,-74.38253879547119,9
2025-11-19T15:06:57.653571,10.0,-74.20977592468262,10
2025-11-19T15:06:57.842007,10.0,-74.2927074432373,11
2025-11-19T15:06:58.030486,10.0,-74.34120178222656,12
2025-11-19T15:06:58.218547,10.0,-74.37619209289551,13
2025-11-19T15:06:58.406942,10.0,-74.3651819229126,14
2025-11-19T15:06:58.595450,10.0,-74.30692195892334,15
2025-11-19T15:06:58.783994,10.0,-74.34171676635742,16
2025-11-19T15:06:58.972317,10.0,-74.27637577056885,17
2025-11-19T15:06:59.160328,10.0,-74.31995868682861,18
2025-11-19T15:06:59.349373,10.0,-74.31129455566406,19
2025-11-19T15:06:59.537177,10.0,-74.29217338562012,20
2025-11-19T15:06:59.725094,10.0,-74.35197353363037,21
2025-11-19T15:06:59.912821,10.0,-74.30147171020508,22
2025-11-19T15:07:00.100389,10.0,-74.31624412536621,23
2025-11-19T15:07:00.288138,10.0,-74.33820247650146,24
2025-11-19T15:07:00.476239,10.0,-74.27650451660156,25
2025-11-19T15:07:00.664659,10.0,-74.3445634841919,26
2025-11-19T15:07:00.852468,10.0,-74.28438186645508,27
2025-11-19T15:07:01.040414,10.0,-74.24684047698975,28
2025-11-19T15:07:01.227998,10.0,-74.28887844085693,29
2025-11-19T15:07:01.415026,10.0,-74.33492660522461,30
2025-11-19T15:07:01.602448,Noise,-74.31876182556152,0
2025-11-19T15:07:01.790252,Noise,-74.27211284637451,1
2025-11-19T15:07:01.977496,Noise,-74.33008670806885,2
2025-11-19T15:07:02.165413,Noise,-74.3524169921875,3
2025-11-19T15:07:02.353358,Noise,-74.28613662719727,4
2025-11-19T15:07:02.540842,Noise,-74.25500869750977,5
2025-11-19T15:07:02.729025,Noise,-74.35985088348389,6
2025-11-19T15:07:02.917053,Noise,-74.34457778930664,7
2025-11-19T15:07:03.104519,Noise,-74.32728290557861,8
2025-11-19T15:07:03.292363,Noise,-74.29944038391113,9
2025-11-19T15:07:03.479745,Noise,-74.29980278015137,10
2025-11-19T15:07:03.667545,Noise,-74.279465675354,11
2025-11-19T15:07:03.855757,Noise,-74.3890380859375,12
2025-11-19T15:07:04.043998,Noise,-74.26346778869629,13
2025-11-19T15:07:04.231926,Noise,-74.30202007293701,14
2025-11-19T15:07:04.419299,Noise,-74.28215026855469,15
2025-11-19T15:07:04.607437,Noise,-74.248948097229,16
2025-11-19T15:07:04.795863,Noise,-74.32266235351562,17
2025-11-19T15:07:04.983545,Noise,-74.34869766235352,18
2025-11-19T15:07:05.171353,Noise,-74.27788257598877,19
2025-11-19T15:07:05.359189,Noise,-74.25855159759521,20
2025-11-19T15:07:05.546893,Noise,-74.25600528717041,21
2025-11-19T15:07:05.734429,Noise,-74.29533004760742,22
2025-11-19T15:07:05.922479,Noise,-74.28097724914551,23
2025-11-19T15:07:06.108860,Noise,-74.32940483093262,24
2025-11-19T15:07:06.296667,Noise,-74.24340724945068,25
2025-11-19T15:07:06.484934,Noise,-74.35416221618652,26
2025-11-19T15:07:06.673248,Noise,-74.21803951263428,27
2025-11-19T15:07:06.860942,Noise,-74.31481838226318,28
2025-11-19T15:07:07.048681,Noise,-74.27546501159668,29
2025-11-19T15:07:07.236242,Noise,-74.24566268920898,30
2025-11-19T15:07:07.423639,-5,-74.27652359008789,0
2025-11-19T15:07:07.611332,-5,-74.29820537567139,1
2025-11-19T15:07:07.799129,-5,-74.27507400512695,2
2025-11-19T15:07:07.986761,-5,-74.30655479431152,3
2025-11-19T15:07:08.175130,-5,-74.27401542663574,4
2025-11-19T15:07:08.362647,-5,-74.2312479019165,5
2025-11-19T15:07:08.549808,-5,-74.27004337310791,6
2025-11-19T15:07:08.737839,-5,-74.2550277709961,7
2025-11-19T15:07:08.925595,-5,-74.27711963653564,8
2025-11-19T15:07:09.113204,-5,-74.21021938323975,9
2025-11-19T15:07:09.300941,-5,-74.29144859313965,10
2025-11-19T15:07:09.488933,-5,-74.28576469421387,11
2025-11-19T15:07:09.677140,-5,-74.27892208099365,12
2025-11-19T15:07:09.865361,-5,-74.2436933517456,13
2025-11-19T15:07:10.053036,-5,-74.2674446105957,14
2025-11-19T15:07:10.239907,-5,-74.27534103393555,15
2025-11-19T15:07:10.427514,-5,-74.29001808166504,16
2025-11-19T15:07:10.615313,-5,-74.31455612182617,17
2025-11-19T15:07:10.803208,-5,-74.20900344848633,18
2025-11-19T15:07:10.990066,-5,-74.26784992218018,19
2025-11-19T15:07:11.177764,-5,-74.31208610534668,20
2025-11-19T15:07:11.364772,-5,-74.31809902191162,21
2025-11-19T15:07:11.552480,-5,-74.31618213653564,22
2025-11-19T15:07:11.740239,-5,-74.2732286453247,23
2025-11-19T15:07:11.927876,-5,-74.24087047576904,24
2025-11-19T15:07:12.115939,-5,-74.22817707061768,25
2025-11-19T15:07:12.303975,-5,-74.26060676574707,26
2025-11-19T15:07:12.491646,-5,-74.27524089813232,27
2025-11-19T15:07:12.679574,-5,-74.24556732177734,28
2025-11-19T15:07:12.867273,-5,-74.28210258483887,29
2025-11-19T15:07:13.054211,-5,-74.2916202545166,30
