Timestamp,Step,Power,Result
2025-11-20T14:16:21.983871,1,-30,-74.30896282196045
2025-11-20T14:16:22.170749,2,-25,-74.27953243255615
2025-11-20T14:16:22.357879,2,-25,-74.2660140991211
2025-11-20T14:16:22.545728,2,-25,-74.30962562561035
2025-11-20T14:16:22.733462,2,-25,-74.2289924621582
2025-11-20T14:16:22.919926,2,-25,-74.3284273147583
2025-11-20T14:16:23.106602,2,-25,-74.24642562866211
2025-11-20T14:16:23.293692,2,-25,-74.25925254821777
2025-11-20T14:16:23.481496,2,-25,-74.34709548950195
2025-11-20T14:16:23.669530,2,-25,-74.31387424468994
2025-11-20T14:16:23.857758,2,-25,-74.25570011138916
2025-11-20T14:16:24.045636,2,-25,-74.24415111541748
2025-11-20T14:16:24.232657,2,-25,-74.34525489807129
2025-11-20T14:16:24.419724,2,-25,-74.27983283996582
2025-11-20T14:16:24.606889,2,-25,-74.32703018188477
2025-11-20T14:16:24.794100,2,-25,-74.28205013275146
2025-11-20T14:16:24.981054,2,-25,-74.33145046234131
2025-11-20T14:16:25.168588,2,-25,-74.2784595489502
2025-11-20T14:16:25.355982,2,-25,-74.29115295410156
2025-11-20T14:16:25.543970,2,-25,-74.32126522064209
2025-11-20T14:16:25.732317,2,-25,-74.2979621887207
2025-11-20T14:16:25.919921,2,-25,-74.27591323852539
2025-11-20T14:16:26.107989,2,-25,-74.25938606262207
2025-11-20T14:16:26.295622,2,-25,-74.27347183227539
2025-11-20T14:16:26.482511,2,-25,-74.2455530166626
2025-11-20T14:16:26.669573,2,-25,-74.25795078277588
2025-11-20T14:16:26.856713,2,-25,-74.25519943237305
2025-11-20T14:16:27.043232,2,-25,-74.31188583374023
2025-11-20T14:16:27.230165,2,-25,-74.36462879180908
2025-11-20T14:16:27.417473,2,-25,-74.39356803894043
2025-11-20T14:16:27.605307,2,-25,-74.24018383026123
2025-11-20T14:16:27.792971,2,-25,-74.21031951904297
2025-11-20T14:16:27.980681,2,-25,-74.23487186431885
2025-11-20T14:16:28.168715,2,-25,-74.29243087768555
2025-11-20T14:16:28.356263,2,-25,-74.30510520935059
2025-11-20T14:16:28.543948,2,-25,-74.35546398162842
2025-11-20T14:16:28.731664,2,-25,-74.1927719116211
2025-11-20T14:16:28.919548,2,-25,-74.17356967926025
2025-11-20T14:16:29.107637,2,-25,-74.19572830200195
2025-11-20T14:16:29.295205,2,-25,-74.2652702331543
2025-11-20T14:16:29.483151,2,-25,-74.25652503967285
2025-11-20T14:16:29.671079,2,-25,-74.2479133605957
2025-11-20T14:16:29.858823,2,-25,-74.26516056060791
2025-11-20T14:16:30.046300,2,-25,-74.27061080932617
2025-11-20T14:16:30.234077,2,-25,-74.3260908126831
2025-11-20T14:16:30.421633,2,-25,-74.34977054595947
2025-11-20T14:16:30.609066,2,-25,-74.2785120010376
2025-11-20T14:16:30.796587,2,-25,-74.32926177978516
2025-11-20T14:16:30.983665,2,-25,-74.23396110534668
2025-11-20T14:16:31.170254,2,-25,-74.36773777008057
2025-11-20T14:16:31.357375,2,-25,-74.24691200256348
2025-11-20T14:16:31.544403,2,-25,-74.23821926116943
2025-11-20T14:16:31.731823,2,-25,-74.28696632385254
2025-11-20T14:16:31.918879,2,-25,-74.2559289932251
2025-11-20T14:16:32.106720,2,-25,-74.23971176147461
2025-11-20T14:16:32.294774,2,-25,-74.33388710021973
2025-11-20T14:16:32.482287,2,-25,-74.36061382293701
2025-11-20T14:16:32.669931,2,-25,-74.25215244293213
2025-11-20T14:16:32.857785,2,-25,-74.37849998474121
2025-11-20T14:16:33.045748,2,-25,-74.27263259887695
2025-11-20T14:16:33.233660,2,-25,-74.3393087387085
2025-11-20T14:16:33.421296,2,-25,-74.33907508850098
2025-11-20T14:16:33.608808,2,-25,-74.22188758850098
2025-11-20T14:16:33.796588,2,-25,-74.2180871963501
2025-11-20T14:16:33.984375,2,-25,-74.29764747619629
2025-11-20T14:16:34.171998,2,-25,-74.22554016113281
2025-11-20T14:16:34.359547,2,-25,-74.33131694793701
2025-11-20T14:16:34.547614,2,-25,-74.25696849822998
2025-11-20T14:16:34.735135,2,-25,-74.37294006347656
2025-11-20T14:16:34.923148,2,-25,-74.30078983306885
2025-11-20T14:16:35.110711,2,-25,-74.15570259094238
2025-11-20T14:16:35.298182,2,-25,-74.27668571472168
2025-11-20T14:16:35.485964,2,-25,-74.25289630889893
2025-11-20T14:16:35.672864,2,-25,-74.21152114868164
2025-11-20T14:16:35.859990,2,-25,-74.21102523803711
2025-11-20T14:16:36.046945,2,-25,-74.29352283477783
2025-11-20T14:16:36.233980,2,-25,-74.27885055541992
2025-11-20T14:16:36.421558,2,-25,-74.24433708190918
2025-11-20T14:16:36.608859,2,-25,-74.34569835662842
2025-11-20T14:16:36.796452,2,-25,-74.34988021850586
2025-11-20T14:16:36.983672,2,-25,-74.30490493774414
2025-11-20T14:16:37.171347,2,-25,-74.24223899841309
2025-11-20T14:16:37.358517,2,-25,-74.25708293914795
2025-11-20T14:16:38.293892,2,-25,
2025-11-20T14:16:39.221797,2,-25,
2025-11-20T14:16:40.150692,2,-25,
2025-11-20T14:16:41.078745,2,-25,
2025-11-20T14:16:42.007723,2,-25,
2025-11-20T14:16:42.936705,2,-25,
2025-11-20T14:16:43.865978,2,-25,
2025-11-20T14:16:44.795892,2,-25,
2025-11-20T14:16:45.725019,2,-25,
2025-11-20T14:16:46.653928,2,-25,
2025-11-20T14:16:47.582794,2,-25,
2025-11-20T14:16:48.511894,2,-25,
2025-11-20T14:16:49.440757,2,-25,
2025-11-20T14:16:50.369787,2,-25,
2025-11-20T14:16:51.298770,2,-25,
2025-11-20T14:16:52.227773,2,-25,
2025-11-20T14:16:53.156869,2,-25,
2025-11-20T14:16:54.086865,2,-25,
2025-11-20T14:16:55.016944,2,-25,
2025-11-20T14:16:55.945619,2,-25,
2025-11-20T14:16:56.873871,2,-25,
2025-11-20T14:16:57.801784,2,-25,
2025-11-20T14:25:05.195028,1,-30,-74.2868709564209
2025-11-20T14:25:05.382564,2,-25,-74.25716400146484
2025-11-20T14:25:05.570201,2,-25,-74.30805683135986
2025-11-20T14:25:05.757965,2,-25,-74.29743766784668
2025-11-20T14:25:05.945675,2,-25,-74.32070255279541
2025-11-20T14:25:06.133310,2,-25,-74.27432060241699
2025-11-20T14:25:06.321278,2,-25,-74.22679424285889
2025-11-20T14:25:06.509460,2,-25,-74.29505825042725
2025-11-20T14:25:06.697235,2,-25,-74.29625988006592
2025-11-20T14:25:06.885310,2,-25,-74.2845344543457
2025-11-20T14:25:07.072999,2,-25,-74.24473285675049
2025-11-20T14:25:07.260452,2,-25,-74.37764644622803
2025-11-20T14:25:07.447595,2,-25,-74.32472705841064
2025-11-20T14:25:07.634563,2,-25,-74.30166721343994
2025-11-20T14:25:07.821432,2,-25,-74.30509090423584
2025-11-20T14:25:08.008736,2,-25,-74.3242359161377
2025-11-20T14:25:08.196369,2,-25,-74.3084192276001
2025-11-20T14:25:08.384204,2,-25,-74.31818962097168
2025-11-20T14:25:08.572391,2,-25,-74.22932147979736
2025-11-20T14:25:08.760007,2,-25,-74.33550357818604
2025-11-20T14:25:08.947364,2,-25,-74.27595615386963
2025-11-20T14:25:09.134783,2,-25,-74.29152965545654
2025-11-20T14:25:09.322431,2,-25,-74.20714378356934
2025-11-20T14:25:09.510119,2,-25,-74.28018093109131
2025-11-20T14:25:09.697708,2,-25,-74.25835609436035
2025-11-20T14:25:09.885662,2,-25,-74.25157070159912
2025-11-20T14:25:10.074105,2,-25,-74.27926063537598
2025-11-20T14:25:10.261593,2,-25,-74.2679214477539
2025-11-20T14:25:10.449559,2,-25,-74.33497428894043
2025-11-20T14:25:10.637153,2,-25,-74.37259674072266
2025-11-20T14:25:10.824963,2,-25,-74.3217134475708
2025-11-20T14:25:11.012781,2,-25,-74.27623271942139
2025-11-20T14:25:11.200554,2,-25,-74.19007778167725
2025-11-20T14:25:11.388112,2,-25,-74.273681640625
2025-11-20T14:25:11.575490,2,-25,-74.26780700683594
2025-11-20T14:25:11.762854,2,-25,-74.30598258972168
2025-11-20T14:25:11.950540,2,-25,-74.2538595199585
2025-11-20T14:25:12.138172,2,-25,-74.30566787719727
2025-11-20T14:25:12.325806,2,-25,-74.30984020233154
2025-11-20T14:25:12.513618,2,-25,-74.30643558502197
2025-11-20T14:25:12.701045,2,-25,-74.24574375152588
2025-11-20T14:25:12.888694,2,-25,-74.36264038085938
2025-11-20T14:25:13.076834,2,-25,-74.28763389587402
2025-11-20T14:25:13.264520,2,-25,-74.33328628540039
2025-11-20T14:25:13.452094,2,-25,-74.25130844116211
2025-11-20T14:25:13.639270,2,-25,-74.20164585113525
2025-11-20T14:25:13.826092,2,-25,-74.2783784866333
2025-11-20T14:25:14.012840,2,-25,-74.28866386413574
2025-11-20T14:25:14.199322,2,-25,-74.34163093566895
2025-11-20T14:25:14.385817,2,-25,-74.18988704681396
2025-11-20T14:25:14.572833,2,-25,-74.27039623260498
2025-11-20T14:25:14.760686,2,-25,-74.28748607635498
2025-11-20T14:25:14.948062,2,-25,-74.29068565368652
2025-11-20T14:25:15.135085,2,-25,-74.30562019348145
2025-11-20T14:25:15.322475,2,-25,-74.20568943023682
2025-11-20T14:25:15.509407,2,-25,-74.26071166992188
2025-11-20T14:25:15.697055,2,-25,-74.30377006530762
2025-11-20T14:25:15.884864,2,-25,-74.27785873413086
2025-11-20T14:25:16.071783,2,-25,-74.30241584777832
2025-11-20T14:37:03.283242,1,-30,-74.24863815307617
2025-11-20T14:37:03.471302,2,-25,-74.2669677734375
2025-11-20T14:37:03.659961,2,-25,-74.2298412322998
2025-11-20T14:37:03.848414,2,-25,-74.27497386932373
2025-11-20T14:37:04.036096,2,-25,-74.3587064743042
2025-11-20T14:37:04.223269,2,-25,-74.27802085876465
2025-11-20T14:37:04.409489,2,-25,-74.25536632537842
2025-11-20T14:37:04.596260,2,-25,-74.32070732116699
2025-11-20T14:37:04.782326,2,-25,-74.32014465332031
2025-11-20T14:37:04.969372,2,-25,-74.32248592376709
2025-11-20T14:37:05.157018,2,-25,-74.23382759094238
2025-11-20T14:37:53.249207,1,-30,-74.30642604827881
2025-11-20T14:37:53.436896,2,-25,-74.30961608886719
2025-11-20T14:37:53.624297,2,-25,-74.31257724761963
2025-11-20T14:37:53.812442,2,-25,-74.29407119750977
2025-11-20T14:37:54.000319,2,-25,-74.31037425994873
2025-11-20T14:37:54.188020,2,-25,-74.2979907989502
2025-11-20T14:37:54.375683,2,-25,-74.25636291503906
2025-11-20T14:37:54.563664,2,-25,-74.25281524658203
2025-11-20T14:37:54.751637,2,-25,-74.30147171020508
2025-11-20T14:37:54.939360,2,-25,-74.30568218231201
2025-11-20T14:37:55.126325,2,-25,-74.26252365112305
2025-11-20T14:37:55.314003,2,-25,-74.33013916015625
2025-11-20T14:37:55.501653,2,-25,-74.31312561035156
2025-11-20T14:37:55.689537,2,-25,-74.29605007171631
2025-11-20T14:37:55.877426,2,-25,-74.16898727416992
2025-11-20T14:37:56.065436,2,-25,-74.25037860870361
2025-11-20T14:37:56.253483,2,-25,-74.2356538772583
2025-11-20T14:37:56.441289,2,-25,-74.2739200592041
2025-11-20T14:37:56.629194,2,-25,-74.25034523010254
2025-11-20T14:37:56.817158,2,-25,-74.202561378479
2025-11-20T14:37:57.004993,2,-25,-74.21715259552002
2025-11-20T14:37:57.192495,2,-25,-74.3046236038208
2025-11-20T14:37:57.380165,2,-25,-74.35755252838135
2025-11-20T14:37:57.568020,2,-25,-74.23393726348877
2025-11-20T14:37:57.754927,2,-25,-74.25416946411133
2025-11-20T14:37:57.942890,2,-25,-74.3164873123169
2025-11-20T14:37:58.130258,2,-25,-74.24783706665039
2025-11-20T14:37:58.317899,2,-25,-74.2881965637207
2025-11-20T14:37:58.505986,2,-25,-74.27898406982422
2025-11-20T14:37:58.693469,2,-25,-74.28289413452148
2025-11-20T14:37:58.881388,2,-25,-74.41726207733154
2025-11-20T14:37:59.069357,2,-25,-74.35564041137695
2025-11-20T14:37:59.257062,2,-25,-74.2620849609375
2025-11-20T14:37:59.444988,2,-25,-74.23841953277588
2025-11-20T14:37:59.632697,2,-25,-74.24790859222412
2025-11-20T14:37:59.820891,2,-25,-74.24365997314453
2025-11-20T14:38:00.008752,2,-25,-74.27049160003662
2025-11-20T14:38:00.195680,2,-25,-74.3114709854126
2025-11-20T14:38:00.383497,2,-25,-74.3346643447876
2025-11-20T14:38:00.570582,2,-25,-74.24507141113281
2025-11-20T14:38:00.758178,2,-25,-74.34182167053223
2025-11-20T14:38:00.946199,2,-25,-74.30854320526123
2025-11-20T14:38:01.134103,2,-25,-74.33043956756592
2025-11-20T14:38:01.321653,2,-25,-74.26047801971436
2025-11-20T14:38:01.509717,2,-25,-74.27939891815186
2025-11-20T14:38:01.697181,2,-25,-74.2641830444336
2025-11-20T14:38:01.884492,2,-25,-74.25609111785889
2025-11-20T14:38:02.072262,2,-25,-74.19212341308594
2025-11-20T14:38:02.259227,2,-25,-74.27009582519531
2025-11-20T14:38:02.447126,2,-25,-74.31498050689697
2025-11-20T14:38:02.634401,2,-25,-74.3006944656372
2025-11-20T14:38:02.822237,2,-25,-74.25907135009766
2025-11-20T14:38:03.010157,2,-25,-74.36949729919434
2025-11-20T14:38:03.198072,2,-25,-74.27407264709473
2025-11-20T14:38:03.385848,2,-25,-74.2985725402832
2025-11-20T14:38:03.573042,2,-25,-74.29134368896484
2025-11-20T14:38:03.760090,2,-25,-74.38075542449951
2025-11-20T14:38:03.946943,2,-25,-74.38828468322754
2025-11-20T14:38:04.134679,2,-25,-74.2820930480957
2025-11-20T14:38:04.322468,2,-25,-74.28911209106445
2025-11-20T14:38:04.510195,2,-25,-74.31639194488525
2025-11-20T14:38:04.698343,2,-25,-74.23297882080078
2025-11-20T14:38:04.886282,2,-25,-74.28577423095703
2025-11-20T14:38:05.074088,2,-25,-74.24481391906738
2025-11-20T14:38:05.261898,2,-25,-74.27725315093994
2025-11-20T14:38:05.449607,2,-25,-74.22476291656494
2025-11-20T14:38:05.636795,2,-25,-74.22146797180176
2025-11-20T14:38:05.823614,2,-25,-74.300856590271
2025-11-20T14:38:06.010964,2,-25,-74.2412519454956
2025-11-20T14:38:06.198240,2,-25,-74.3092393875122
2025-11-20T14:38:06.385934,2,-25,-74.29743766784668
2025-11-20T14:38:06.573326,2,-25,-74.34749126434326
2025-11-20T14:38:06.760766,2,-25,-74.25311088562012
2025-11-20T14:38:06.948702,2,-25,-74.2345142364502
2025-11-20T14:38:07.136275,2,-25,-74.25005912780762
2025-11-20T14:38:07.324184,2,-25,-74.30988311767578
2025-11-20T14:38:07.512080,2,-25,-74.21821594238281
2025-11-20T14:38:07.700041,2,-25,-74.27431106567383
2025-11-20T14:38:07.887767,2,-25,-74.26816463470459
2025-11-20T14:38:08.076490,2,-25,-74.28201675415039
2025-11-20T14:38:08.264034,2,-25,-74.19895648956299
2025-11-20T14:38:08.451484,2,-25,-74.30408477783203
2025-11-20T14:38:08.639105,2,-25,-74.32977199554443
2025-11-20T14:38:08.826753,2,-25,-74.20833110809326
2025-11-20T14:38:09.014252,2,-25,-74.26392555236816
2025-11-20T14:38:09.202050,2,-25,-74.28755283355713
2025-11-20T14:38:09.389502,2,-25,-74.28764820098877
2025-11-20T14:38:09.575993,2,-25,-74.25440311431885
2025-11-20T14:38:09.762693,2,-25,-74.3140983581543
2025-11-20T14:38:09.951128,2,-25,-74.2780065536499
2025-11-20T14:38:10.139201,2,-25,-74.2831802368164
2025-11-20T14:38:10.326928,2,-25,-74.31793212890625
2025-11-20T14:38:10.513809,2,-25,-74.2818021774292
2025-11-20T14:38:10.700571,2,-25,-74.33571815490723
2025-11-20T14:38:10.887704,2,-25,-74.27868366241455
2025-11-20T14:38:11.076015,2,-25,-74.29354667663574
2025-11-20T14:38:11.263973,2,-25,-74.31131362915039
2025-11-20T14:38:11.451573,2,-25,-74.24656391143799
2025-11-20T14:38:11.638567,2,-25,-74.33489322662354
2025-11-20T14:38:11.826209,2,-25,-74.1951847076416
2025-11-20T14:38:12.014176,2,-25,-74.31108474731445
2025-11-20T14:38:12.201787,2,-25,-74.27825927734375
2025-11-20T14:38:12.388954,2,-25,-74.31925296783447
2025-11-20T14:38:12.576698,2,-25,-74.24347877502441
2025-11-20T14:38:12.764066,2,-25,-74.27980422973633
2025-11-20T14:38:12.951270,2,-25,-74.26428318023682
2025-11-20T14:38:13.139044,2,-25,-74.30952072143555
2025-11-20T14:38:13.326636,2,-25,-74.2186450958252
2025-11-20T14:38:13.514834,2,-25,-74.40732479095459
2025-11-20T14:38:13.702839,2,-25,-74.29840087890625
2025-11-20T14:38:13.890526,2,-25,-74.31397438049316
2025-11-20T14:38:14.078899,2,-25,-74.34618473052979
2025-11-20T14:38:14.266291,2,-25,-74.20225620269775
2025-11-20T14:38:14.454071,2,-25,-74.35353755950928
2025-11-20T14:38:15.390463,2,-25,
2025-11-20T14:38:16.318456,2,-25,
2025-11-20T14:38:17.247476,2,-25,
2025-11-20T14:38:18.176486,2,-25,
2025-11-20T14:38:19.105606,2,-25,
2025-11-20T14:38:20.035602,2,-25,
2025-11-20T14:38:20.965564,2,-25,
2025-11-20T14:38:21.895463,2,-25,
2025-11-20T14:38:22.825546,2,-25,
2025-11-20T14:38:23.755450,2,-25,
2025-11-20T14:38:24.685444,2,-25,
2025-11-20T14:38:25.615389,2,-25,
2025-11-20T14:38:26.545404,2,-25,
2025-11-20T14:38:27.475263,2,-25,
2025-11-20T14:38:28.405287,2,-25,
2025-11-20T14:57:21.611497,1,-30,-73.5086727142334
2025-11-20T14:57:21.797760,2,-25,-73.58490467071533
2025-11-20T14:57:21.984384,2,-25,-73.55851650238037
2025-11-20T14:57:22.171075,2,-25,-73.56070518493652
2025-11-20T14:57:22.357187,2,-25,-73.59562397003174
2025-11-20T14:57:22.544041,2,-25,-73.57823848724365
2025-11-20T14:57:22.730950,2,-25,-73.54429721832275
2025-11-20T14:57:22.917717,2,-25,-73.61627578735352
2025-11-20T14:57:23.104487,2,-25,-73.51924896240234
2025-11-20T14:57:23.291273,2,-25,-73.58697414398193
2025-11-20T14:57:23.477826,2,-25,-73.51257801055908
2025-11-20T14:57:23.664418,2,-25,-73.57411861419678
2025-11-20T14:57:23.851182,2,-25,-73.5763692855835
2025-11-20T14:57:24.035984,2,-25,-73.52391242980957
2025-11-20T14:57:24.221748,2,-25,-73.64202976226807
2025-11-20T14:57:24.408738,2,-25,-73.54048728942871
2025-11-20T14:57:24.595597,2,-25,-73.60082149505615
2025-11-20T14:57:24.781878,2,-25,-73.59634399414062
2025-11-20T14:57:24.968738,2,-25,-73.58383655548096
2025-11-20T14:57:25.154868,2,-25,-73.64552021026611
2025-11-20T14:57:25.341730,2,-25,-73.57472896575928
2025-11-20T14:57:25.528320,2,-25,-73.56775283813477
2025-11-20T14:57:25.714679,2,-25,-73.5742712020874
2025-11-20T14:57:25.901869,2,-25,-73.58933925628662
2025-11-20T14:57:26.089140,2,-25,-73.62993717193604
2025-11-20T14:57:26.275714,2,-25,-73.52428436279297
2025-11-20T14:57:26.462284,2,-25,-73.5523271560669
2025-11-20T14:57:26.649019,2,-25,-73.64691257476807
2025-11-20T14:57:26.836008,2,-25,-73.58593940734863
2025-11-20T14:57:27.023167,2,-25,-73.51090908050537
2025-11-20T14:57:27.209502,2,-25,-73.54055881500244
2025-11-20T14:57:27.395951,2,-25,-73.49740028381348
2025-11-20T14:57:27.583283,2,-25,-73.63079071044922
2025-11-20T14:57:27.770003,2,-25,-73.57272624969482
2025-11-20T14:57:27.957259,2,-25,-73.49969387054443
2025-11-20T14:57:28.144505,2,-25,-73.65557670593262
2025-11-20T14:57:28.331764,2,-25,-73.57847213745117
2025-11-20T14:57:28.519010,2,-25,-73.65123271942139
2025-11-20T14:57:28.706090,2,-25,-73.51840496063232
2025-11-20T14:57:28.893021,2,-25,-73.62308025360107
2025-11-20T14:57:29.080018,2,-25,-73.61989974975586
2025-11-20T14:57:29.266855,2,-25,-73.5884428024292
2025-11-20T14:57:29.452945,2,-25,-73.60383987426758
2025-11-20T14:57:29.639424,2,-25,-73.58631610870361
2025-11-20T14:57:29.826117,2,-25,-73.57908248901367
2025-11-20T14:57:30.012957,2,-25,-73.61291885375977
2025-11-20T14:57:30.200105,2,-25,-73.61588478088379
2025-11-20T14:57:30.386602,2,-25,-73.53384971618652
2025-11-20T14:57:30.573401,2,-25,-73.58812808990479
2025-11-20T14:57:30.760403,2,-25,-73.6302900314331
2025-11-20T14:57:30.947236,2,-25,-73.59257221221924
2025-11-20T14:57:31.134773,2,-25,-73.64381790161133
2025-11-20T14:57:31.322174,2,-25,-73.52476596832275
2025-11-20T14:57:31.509307,2,-25,-73.52280616760254
2025-11-20T14:57:31.696504,2,-25,-73.4572696685791
2025-11-20T14:57:31.883676,2,-25,-73.55295658111572
2025-11-20T14:57:32.071509,2,-25,-73.60966682434082
2025-11-20T14:57:32.258153,2,-25,-73.64472389221191
2025-11-20T14:57:32.445126,2,-25,-73.59479904174805
2025-11-20T14:57:32.632316,2,-25,-73.60898017883301
2025-11-20T14:57:32.819425,2,-25,-73.60066413879395
2025-11-20T14:57:33.006144,2,-25,-73.56568813323975
2025-11-20T14:57:33.193306,2,-25,-73.5655403137207
2025-11-20T14:57:33.380620,2,-25,-73.61587047576904
2025-11-20T14:57:33.567313,2,-25,-73.59588623046875
2025-11-20T14:57:33.754884,2,-25,-73.52476596832275
2025-11-20T14:57:33.942272,2,-25,-73.56451511383057
2025-11-20T14:57:34.128932,2,-25,-73.54472160339355
2025-11-20T14:57:34.315471,2,-25,-73.53626728057861
2025-11-20T14:57:34.502964,2,-25,-73.59496116638184
2025-11-20T14:57:34.689914,2,-25,-73.65530490875244
2025-11-20T14:57:34.877330,2,-25,-73.61000061035156
2025-11-20T14:57:35.064615,2,-25,-73.57832908630371
2025-11-20T14:57:35.251238,2,-25,-73.6050271987915
2025-11-20T14:57:35.437134,2,-25,-73.64142894744873
2025-11-20T14:57:35.623390,2,-25,-73.51295471191406
2025-11-20T14:57:35.809863,2,-25,-73.60425472259521
2025-11-20T14:57:35.997197,2,-25,-73.57148170471191
2025-11-20T14:57:36.184894,2,-25,-73.60994338989258
2025-11-20T14:57:36.372309,2,-25,-73.55896949768066
2025-11-20T14:57:36.559530,2,-25,-73.72843265533447
2025-11-20T14:57:36.746434,2,-25,-73.80617618560791
2025-11-20T14:57:36.933515,2,-25,-73.73744487762451
2025-11-20T14:57:37.120884,2,-25,-73.71094226837158
2025-11-20T14:57:37.308245,2,-25,-73.43961715698242
2025-11-20T14:57:37.495100,2,-25,-73.4015941619873
2025-11-20T14:57:37.681914,2,-25,-73.47594261169434
2025-11-20T14:57:37.868746,2,-25,-73.47561359405518
2025-11-20T14:57:38.055706,2,-25,-73.47226619720459
2025-11-20T14:57:38.242655,2,-25,-73.41744422912598
2025-11-20T14:57:38.429938,2,-25,-73.42287063598633
2025-11-20T14:57:38.617318,2,-25,-73.55475902557373
2025-11-20T14:57:38.804375,2,-25,-73.602294921875
2025-11-20T14:57:38.991783,2,-25,-73.48621368408203
2025-11-20T14:57:39.178927,2,-25,-73.63229274749756
2025-11-20T14:57:39.366002,2,-25,-73.54337215423584
2025-11-20T14:57:39.552756,2,-25,-73.60306739807129
2025-11-20T14:57:39.739300,2,-25,-73.62820148468018
2025-11-20T14:57:39.926239,2,-25,-73.57095718383789
2025-11-20T14:57:40.113336,2,-25,-73.64947319030762
2025-11-20T14:57:40.300494,2,-25,-73.56972694396973
2025-11-20T14:57:40.486967,2,-25,-73.61553192138672
2025-11-20T14:57:40.674002,2,-25,-73.68102073669434
2025-11-20T14:57:40.861144,2,-25,-73.66641998291016
2025-11-20T14:57:41.048046,2,-25,-73.61486434936523
2025-11-20T14:57:41.235084,2,-25,-73.57375144958496
2025-11-20T14:57:41.421159,2,-25,-73.56173038482666
2025-11-20T14:57:41.608167,2,-25,-73.5319471359253
2025-11-20T14:57:41.795329,2,-25,-73.5452651977539
2025-11-20T14:57:41.982492,2,-25,-73.61727237701416
2025-11-20T14:57:42.169517,2,-25,-73.55010032653809
2025-11-20T14:57:42.356422,2,-25,-73.53791236877441
2025-11-20T14:57:42.543561,2,-25,-73.59085083007812
2025-11-20T14:57:42.730045,2,-25,-73.66130352020264
2025-11-20T14:57:42.916805,2,-25,-73.57070922851562
2025-11-20T14:57:43.103945,2,-25,-73.61947536468506
2025-11-20T14:57:43.291011,2,-25,-73.52461338043213
2025-11-20T14:57:43.478010,2,-25,-73.62820625305176
2025-11-20T14:57:43.664472,2,-25,-73.63768577575684
2025-11-20T14:57:43.851615,2,-25,-73.65163803100586
2025-11-20T14:57:44.037443,2,-25,-73.53939056396484
2025-11-20T14:57:44.223971,2,-25,-73.5754919052124
2025-11-20T14:57:44.410450,2,-25,-73.70176315307617
2025-11-20T14:57:44.597558,2,-25,-73.60925197601318
2025-11-20T14:57:44.785265,2,-25,-73.78705501556396
2025-11-20T14:57:44.972748,2,-25,-73.72819900512695
2025-11-20T14:57:45.160452,2,-25,-73.73660087585449
2025-11-20T14:57:45.347915,2,-25,-73.69983673095703
2025-11-20T14:57:45.535455,2,-25,-73.77843856811523
2025-11-20T14:57:45.722397,2,-25,-73.82211685180664
2025-11-20T14:57:45.909266,2,-25,-73.84300708770752
2025-11-20T14:57:46.096386,2,-25,-73.90159130096436
2025-11-20T14:57:46.283912,2,-25,-73.76253128051758
2025-11-20T14:57:46.470771,2,-25,-73.59543323516846
2025-11-20T14:57:46.657268,2,-25,-73.57495307922363
2025-11-20T14:57:46.843756,2,-25,-73.44769477844238
2025-11-20T14:57:47.030923,2,-25,-73.51801872253418
2025-11-20T14:57:47.218129,2,-25,-73.3751392364502
2025-11-20T14:57:47.405489,2,-25,-73.62497329711914
2025-11-20T14:57:47.592328,2,-25,-73.61589908599854
2025-11-20T14:57:47.779836,2,-25,-73.74888896942139
2025-11-20T14:57:47.966895,2,-25,-73.80508422851562
2025-11-20T14:57:48.154411,2,-25,-73.76817226409912
2025-11-20T14:57:48.341363,2,-25,-73.6741304397583
2025-11-20T14:57:48.528310,2,-25,-73.75525951385498
2025-11-20T14:57:48.714977,2,-25,-73.68465423583984
2025-11-20T14:57:48.901645,2,-25,-73.7960433959961
2025-11-20T14:57:49.089521,2,-25,-73.56719970703125
2025-11-20T14:57:49.277079,2,-25,-73.5658073425293
2025-11-20T14:57:49.464514,2,-25,-73.64349842071533
2025-11-20T14:57:49.651424,2,-25,-73.66432189941406
2025-11-20T14:57:49.838985,2,-25,-73.81153106689453
2025-11-20T14:57:50.026327,2,-25,-73.64316940307617
2025-11-20T14:57:50.214144,2,-25,-73.69420051574707
2025-11-20T14:57:50.401680,2,-25,-73.65984916687012
2025-11-20T14:57:50.588683,2,-25,-73.78629207611084
2025-11-20T14:57:50.775741,2,-25,-73.82935047149658
2025-11-20T14:57:50.963541,2,-25,-73.65940570831299
2025-11-20T14:57:51.151013,2,-25,-73.68226528167725
2025-11-20T14:57:51.337998,2,-25,-73.71162414550781
2025-11-20T14:57:51.525006,2,-25,-73.8475513458252
2025-11-20T14:57:51.712247,2,-25,-73.68659973144531
2025-11-20T14:57:51.899696,2,-25,-73.63331317901611
2025-11-20T14:57:52.086800,2,-25,-73.55774402618408
2025-11-20T14:57:52.273431,2,-25,-73.65793228149414
2025-11-20T14:57:52.459863,2,-25,-73.72791767120361
2025-11-20T14:57:52.646235,2,-25,-73.75509738922119
2025-11-20T14:57:52.834228,2,-25,-73.43711376190186
2025-11-20T14:57:53.021956,2,-25,-73.61934661865234
2025-11-20T14:57:53.208012,2,-25,-73.50834846496582
2025-11-20T14:57:53.394735,2,-25,-73.5048770904541
2025-11-20T14:57:53.582204,2,-25,-73.56931686401367
2025-11-20T14:57:53.769746,2,-25,-73.61034393310547
2025-11-20T14:57:53.956540,2,-25,-73.65563869476318
2025-11-20T14:57:54.143211,2,-25,-73.59080791473389
2025-11-20T14:57:54.329453,2,-25,-73.4812068939209
2025-11-20T14:57:54.516693,2,-25,-73.64181995391846
2025-11-20T14:57:54.703458,2,-25,-73.56164932250977
2025-11-20T14:57:54.890981,2,-25,-73.54461669921875
2025-11-20T14:57:55.076971,2,-25,-73.43160629272461
2025-11-20T14:57:55.264584,2,-25,-73.66644382476807
2025-11-20T14:57:55.451868,2,-25,-73.43912124633789
2025-11-20T14:57:55.638188,2,-25,-73.51856708526611
2025-11-20T14:57:55.825776,2,-25,-73.86372566223145
2025-11-20T14:57:56.013490,2,-25,-73.72453689575195
2025-11-20T14:57:56.200684,2,-25,-73.62133979797363
2025-11-20T14:59:50.199287,1,-30,-73.85215282440186
2025-11-20T14:59:50.386782,2,-25,-73.8308048248291
2025-11-20T14:59:50.574168,2,-25,-73.76991748809814
2025-11-20T14:59:50.760875,2,-25,-73.6370325088501
2025-11-20T14:59:50.948236,2,-25,-73.70831966400146
2025-11-20T14:59:51.135270,2,-25,-73.71354103088379
2025-11-20T14:59:51.321797,2,-25,-73.64482879638672
2025-11-20T14:59:51.508736,2,-25,-73.65312576293945
2025-11-20T14:59:51.695168,2,-25,-73.65671157836914
2025-11-20T15:00:30.472414,1,-30,-73.45388889312744
2025-11-20T15:00:30.659970,2,-25,-73.67870807647705
2025-11-20T15:00:30.847806,2,-25,-73.58198642730713
2025-11-20T15:00:31.035683,2,-25,-73.69607448577881
2025-11-20T15:00:31.222918,2,-25,-73.57307434082031
2025-11-20T15:00:31.410156,2,-25,-73.55329036712646
2025-11-20T15:00:31.597415,2,-25,-73.58850479125977
2025-11-20T15:00:31.784701,2,-25,-73.49932670593262
2025-11-20T15:00:31.971629,2,-25,-73.40811252593994
2025-11-20T15:00:32.159409,2,-25,-73.48499298095703
2025-11-20T15:00:32.346770,2,-25,-73.47132205963135
2025-11-20T15:00:32.533935,2,-25,-73.45637321472168
2025-11-20T15:00:32.720976,2,-25,-73.39727401733398
2025-11-20T15:00:32.908355,2,-25,-73.4868860244751
2025-11-20T15:00:33.095268,2,-25,-73.38714122772217
2025-11-20T15:00:33.282016,2,-25,-73.41531276702881
2025-11-20T15:00:33.469213,2,-25,-73.47161293029785
2025-11-20T15:00:33.656769,2,-25,-73.45500946044922
2025-11-20T15:00:33.843801,2,-25,-73.45680713653564
2025-11-20T15:00:34.031355,2,-25,-73.435378074646
2025-11-20T15:00:34.218117,2,-25,-73.4363842010498
2025-11-20T15:00:34.404854,2,-25,-73.38204383850098
2025-11-20T15:00:34.592041,2,-25,-73.45632553100586
2025-11-20T15:00:34.778986,2,-25,-73.42484474182129
2025-11-20T15:00:34.966076,2,-25,-73.39235782623291
2025-11-20T15:00:35.153329,2,-25,-73.37320804595947
2025-11-20T15:00:35.340323,2,-25,-73.45812797546387
2025-11-20T15:00:35.527394,2,-25,-73.37275505065918
2025-11-20T15:00:35.714719,2,-25,-73.38891506195068
2025-11-20T15:00:35.901189,2,-25,-73.37129592895508
2025-11-20T15:00:36.088640,2,-25,-73.36811065673828
2025-11-20T15:00:36.275370,2,-25,-73.43350410461426
2025-11-20T15:00:36.460557,2,-25,-73.47638607025146
2025-11-20T15:00:36.645965,2,-25,-73.39928150177002
2025-11-20T15:00:36.831722,2,-25,-73.41955661773682
2025-11-20T15:00:37.017679,2,-25,-73.40721607208252
2025-11-20T15:00:37.204024,2,-25,-73.48188400268555
2025-11-20T15:00:37.390810,2,-25,-73.44660758972168
2025-11-20T15:00:37.577867,2,-25,-73.45036506652832
2025-11-20T15:00:37.763597,2,-25,-73.3930492401123
2025-11-20T15:00:37.949833,2,-25,-73.4510087966919
2025-11-20T15:00:38.137257,2,-25,-73.41714859008789
2025-11-20T15:00:38.324523,2,-25,-73.41088771820068
2025-11-20T15:00:38.511186,2,-25,-73.43228340148926
2025-11-20T15:00:38.697727,2,-25,-73.40001583099365
2025-11-20T15:00:38.884330,2,-25,-73.45430374145508
2025-11-20T15:00:39.071602,2,-25,-73.39043617248535
2025-11-20T15:00:39.258812,2,-25,-73.40695858001709
2025-11-20T15:00:39.446055,2,-25,-73.38736534118652
2025-11-20T15:00:39.633318,2,-25,-73.46701145172119
2025-11-20T15:00:39.818693,2,-25,-73.51016998291016
2025-11-20T15:00:40.004570,2,-25,-73.39486598968506
2025-11-20T15:00:40.191506,2,-25,-73.3648681640625
2025-11-20T15:00:40.379237,2,-25,-73.4446907043457
2025-11-20T15:00:40.567033,2,-25,-73.43641757965088
2025-11-20T15:00:40.754332,2,-25,-73.42310905456543
2025-11-20T15:00:40.941564,2,-25,-73.34535598754883
2025-11-20T15:00:41.128576,2,-25,-73.48006248474121
2025-11-20T15:00:41.316024,2,-25,-73.39614868164062
2025-11-20T15:00:41.503174,2,-25,-73.46648693084717
2025-11-20T15:00:41.690481,2,-25,-73.41708183288574
2025-11-20T15:00:41.877702,2,-25,-73.37954998016357
2025-11-20T15:00:42.064899,2,-25,-73.46771240234375
2025-11-20T15:00:42.251871,2,-25,-73.37364196777344
2025-11-20T15:00:42.439603,2,-25,-73.39985847473145
2025-11-20T15:00:42.626937,2,-25,-73.41691017150879
2025-11-20T15:00:42.814187,2,-25,-73.38111400604248
2025-11-20T15:00:43.001339,2,-25,-73.38772296905518
2025-11-20T15:00:43.188633,2,-25,-73.47283363342285
2025-11-20T15:00:43.376122,2,-25,-73.46874237060547
2025-11-20T15:00:43.563117,2,-25,-73.4099531173706
2025-11-20T15:00:43.749776,2,-25,-73.40682029724121
2025-11-20T15:00:43.936380,2,-25,-73.44629287719727
2025-11-20T15:00:44.123432,2,-25,-73.42113018035889
2025-11-20T15:00:44.310558,2,-25,-73.4217357635498
2025-11-20T15:00:44.497016,2,-25,-73.44903469085693
2025-11-20T15:00:44.683234,2,-25,-73.41620445251465
2025-11-20T15:00:44.869499,2,-25,-73.39638710021973
2025-11-20T15:00:45.056160,2,-25,-73.47197532653809
2025-11-20T15:00:45.242782,2,-25,-73.4162950515747
2025-11-20T15:00:45.429600,2,-25,-73.32334041595459
2025-11-20T15:00:45.616897,2,-25,-73.43780517578125
2025-11-20T15:00:45.803950,2,-25,-73.42384815216064
2025-11-20T15:00:45.990399,2,-25,-73.40763568878174
2025-11-20T15:00:46.176893,2,-25,-73.41006278991699
2025-11-20T15:00:46.363852,2,-25,-73.42102527618408
2025-11-20T15:00:46.550289,2,-25,-73.41501712799072
2025-11-20T15:00:46.737186,2,-25,-73.41672420501709
2025-11-20T15:00:46.924255,2,-25,-73.4820032119751
2025-11-20T15:00:47.111696,2,-25,-73.34388256072998
2025-11-20T15:00:47.299536,2,-25,-73.40417861938477
2025-11-20T15:00:47.487188,2,-25,-73.38781833648682
2025-11-20T15:00:47.674620,2,-25,-73.4203577041626
2025-11-20T15:00:47.861961,2,-25,-73.4341812133789
2025-11-20T15:00:48.048963,2,-25,-73.45405578613281
2025-11-20T15:00:48.235948,2,-25,-73.38583946228027
2025-11-20T15:00:48.423260,2,-25,-73.38956356048584
2025-11-20T15:00:48.610136,2,-25,-73.41053485870361
2025-11-20T15:00:48.795963,2,-25,-73.43867778778076
2025-11-20T15:00:48.982435,2,-25,-73.39210033416748
2025-11-20T15:00:49.168950,2,-25,-73.43374252319336
2025-11-20T15:00:49.356157,2,-25,-73.46554756164551
2025-11-20T15:00:49.543049,2,-25,-73.47187995910645
2025-11-20T15:00:49.729503,2,-25,-73.35431575775146
2025-11-20T15:00:49.916199,2,-25,-73.40653419494629
2025-11-20T15:00:50.103327,2,-25,-73.3268404006958
2025-11-20T15:00:50.290254,2,-25,-73.3741283416748
2025-11-20T15:00:50.476965,2,-25,-73.41691017150879
2025-11-20T15:00:50.664006,2,-25,-73.38956356048584
2025-11-20T15:00:50.850073,2,-25,-73.38370323181152
2025-11-20T15:00:51.036744,2,-25,-73.37936878204346
2025-11-20T15:00:51.224093,2,-25,-73.40214729309082
2025-11-20T15:00:51.411333,2,-25,-73.4231424331665
2025-11-20T15:00:51.598124,2,-25,-73.40424060821533
2025-11-20T15:00:51.785284,2,-25,-73.40394496917725
2025-11-20T15:00:51.972391,2,-25,-73.45420360565186
2025-11-20T15:00:52.159497,2,-25,-73.41478824615479
2025-11-20T15:00:52.346262,2,-25,-73.34908962249756
2025-11-20T15:00:52.533519,2,-25,-73.4252405166626
2025-11-20T15:00:52.720544,2,-25,-73.38735580444336
2025-11-20T15:00:52.907020,2,-25,-73.4462022781372
2025-11-20T15:00:53.094598,2,-25,-73.4211015701294
2025-11-20T15:00:53.281469,2,-25,-73.35558891296387
2025-11-20T15:00:53.468551,2,-25,-73.43099594116211
2025-11-20T15:00:53.655620,2,-25,-73.43213558197021
2025-11-20T15:00:53.842949,2,-25,-73.40117454528809
2025-11-20T15:00:54.030260,2,-25,-73.3781385421753
2025-11-20T15:00:54.217947,2,-25,-73.49108219146729
2025-11-20T15:00:54.405865,2,-25,-73.45641136169434
2025-11-20T15:00:54.592948,2,-25,-73.43969821929932
2025-11-20T15:00:54.779817,2,-25,-73.40780258178711
2025-11-20T15:00:54.967668,2,-25,-73.4154462814331
2025-11-20T15:00:55.155079,2,-25,-73.32836151123047
2025-11-20T15:00:55.341914,2,-25,-73.43475818634033
2025-11-20T15:00:55.529121,2,-25,-73.43990802764893
2025-11-20T15:00:55.716658,2,-25,-73.4069013595581
2025-11-20T15:00:55.904257,2,-25,-73.39923858642578
2025-11-20T15:00:56.091732,2,-25,-73.42112064361572
2025-11-20T15:00:56.279195,2,-25,-73.45376968383789
2025-11-20T15:00:56.466242,2,-25,-73.40817928314209
2025-11-20T15:00:56.652933,2,-25,-73.44738006591797
2025-11-20T15:00:56.839770,2,-25,-73.42845916748047
2025-11-20T15:00:57.026771,2,-25,-73.41536521911621
2025-11-20T15:00:57.214025,2,-25,-73.39567184448242
2025-11-20T15:00:57.401332,2,-25,-73.42354774475098
2025-11-20T15:00:57.588235,2,-25,-73.4709358215332
2025-11-20T15:00:57.774743,2,-25,-73.4386157989502
2025-11-20T15:00:57.960789,2,-25,-73.43997001647949
2025-11-20T15:00:58.147110,2,-25,-73.44128608703613
2025-11-20T15:00:58.334400,2,-25,-73.49323272705078
2025-11-20T15:00:58.520527,2,-25,-73.42204093933105
2025-11-20T15:00:58.707302,2,-25,-73.38984966278076
2025-11-20T15:00:58.894089,2,-25,-73.47878932952881
2025-11-20T15:00:59.081050,2,-25,-73.36316108703613
2025-11-20T15:00:59.268223,2,-25,-73.3332872390747
2025-11-20T15:00:59.454626,2,-25,-73.41310501098633
2025-11-20T15:00:59.641696,2,-25,-73.38366985321045
2025-11-20T15:00:59.827894,2,-25,-73.43728065490723
2025-11-20T15:01:00.014690,2,-25,-73.4320068359375
2025-11-20T15:01:00.201270,2,-25,-73.44601631164551
2025-11-20T15:01:00.388486,2,-25,-73.34487438201904
2025-11-20T15:01:00.575185,2,-25,-73.40254306793213
2025-11-20T15:01:00.761974,2,-25,-73.41197967529297
2025-11-20T15:01:00.948802,2,-25,-73.43422412872314
2025-11-20T15:01:01.135853,2,-25,-73.3770227432251
2025-11-20T15:01:01.323105,2,-25,-73.39843273162842
2025-11-20T15:01:01.510184,2,-25,-73.41543197631836
2025-11-20T15:01:01.697740,2,-25,-73.44949245452881
2025-11-20T15:01:01.884857,2,-25,-73.39047431945801
2025-11-20T15:01:02.071766,2,-25,-73.47254753112793
2025-11-20T15:01:02.257936,2,-25,-73.45927715301514
2025-11-20T15:01:02.443753,2,-25,-73.40253829956055
2025-11-20T15:01:02.630490,2,-25,-73.5030460357666
2025-11-20T15:01:02.817478,2,-25,-73.50364208221436
2025-11-20T15:01:03.003950,2,-25,-73.40807914733887
2025-11-20T15:01:03.191303,2,-25,-73.46273899078369
2025-11-20T15:01:03.378184,2,-25,-73.50466251373291
2025-11-20T15:01:03.565206,2,-25,-73.37003707885742
2025-11-20T15:01:03.751711,2,-25,-73.46456527709961
2025-11-20T15:01:03.938449,2,-25,-73.3653974533081
2025-11-20T15:01:04.124837,2,-25,-73.47867965698242
2025-11-20T15:01:04.311622,2,-25,-73.37326049804688
2025-11-20T15:01:04.497886,2,-25,-73.47723484039307
2025-11-20T15:01:04.685211,2,-25,-73.40019702911377
2025-11-20T15:01:04.872203,2,-25,-73.38929653167725
2025-11-20T15:01:05.059535,2,-25,-73.40221405029297
2025-11-20T15:04:30.451169,1,-30,-73.41558933258057
2025-11-20T15:04:30.637991,2,-25,-73.46843719482422
2025-11-20T15:04:30.824682,2,-25,-73.45889568328857
2025-11-20T15:04:31.011568,2,-25,-73.47296237945557
2025-11-20T15:04:31.199135,2,-25,-73.43157291412354
2025-11-20T15:04:31.386053,2,-25,-73.44017028808594
2025-11-20T15:04:31.573366,2,-25,-73.41761112213135
2025-11-20T15:04:31.760431,2,-25,-73.44620704650879
2025-11-20T15:04:31.948077,2,-25,-73.39664459228516
2025-11-20T15:04:32.135261,2,-25,-73.41250896453857
2025-11-20T15:04:32.322028,2,-25,-73.43334197998047
2025-11-20T15:04:32.508788,2,-25,-73.39232921600342
2025-11-20T15:04:32.695522,2,-25,-73.47177505493164
2025-11-20T15:04:32.882876,2,-25,-73.450026512146
2025-11-20T15:04:33.070107,2,-25,-73.42940330505371
2025-11-20T15:04:33.255962,2,-25,-73.44531059265137
2025-11-20T15:04:33.442895,2,-25,-73.42916965484619
2025-11-20T15:04:33.629999,2,-25,-73.35371494293213
2025-11-20T15:04:33.817038,2,-25,-73.47066402435303
2025-11-20T15:04:34.003458,2,-25,-73.4236478805542
2025-11-20T15:04:34.191038,2,-25,-73.44357967376709
2025-11-20T15:04:34.378326,2,-25,-73.41042518615723
2025-11-20T15:04:34.565084,2,-25,-73.4367322921753
2025-11-20T15:04:34.752236,2,-25,-73.47318649291992
2025-11-20T15:04:34.939073,2,-25,-73.42376232147217
2025-11-20T15:04:35.125769,2,-25,-73.47708702087402
2025-11-20T15:04:35.312283,2,-25,-73.44807147979736
2025-11-20T15:04:35.499307,2,-25,-73.43489170074463
2025-11-20T15:04:35.686351,2,-25,-73.41775417327881
2025-11-20T15:04:35.873736,2,-25,-73.40325355529785
2025-11-20T15:04:36.060857,2,-25,-73.44076633453369
2025-11-20T15:04:36.248322,2,-25,-73.43831539154053
2025-11-20T15:04:36.436190,2,-25,-73.42657566070557
2025-11-20T15:04:36.623700,2,-25,-73.45881462097168
2025-11-20T15:04:36.810256,2,-25,-73.38225841522217
2025-11-20T15:04:36.997365,2,-25,-73.37806224822998
2025-11-20T15:04:37.184520,2,-25,-73.41392517089844
2025-11-20T15:04:37.370140,2,-25,-73.45463275909424
2025-11-20T15:04:37.555668,2,-25,-73.4378719329834
2025-11-20T15:04:37.742966,2,-25,-73.38797092437744
2025-11-20T15:04:37.928537,2,-25,-73.45853328704834
2025-11-20T15:04:38.114056,2,-25,-73.45329761505127
2025-11-20T15:04:38.301298,2,-25,-73.42337608337402
2025-11-20T15:04:38.488602,2,-25,-73.44025135040283
2025-11-20T15:04:38.675692,2,-25,-73.40685367584229
2025-11-20T15:04:38.862034,2,-25,-73.40819358825684
2025-11-20T15:04:39.049130,2,-25,-73.50762367248535
2025-11-20T15:04:39.236404,2,-25,-73.38336944580078
2025-11-20T15:04:39.423193,2,-25,-73.4418249130249
2025-11-20T15:04:39.609286,2,-25,-73.44672203063965
2025-11-20T15:04:39.795753,2,-25,-73.47071647644043
2025-11-20T15:04:39.981857,2,-25,-73.48550796508789
2025-11-20T15:04:40.168663,2,-25,-73.41692924499512
2025-11-20T15:04:40.355595,2,-25,-73.41889381408691
2025-11-20T15:04:40.542449,2,-25,-73.43692302703857
2025-11-20T15:04:40.729579,2,-25,-73.45178127288818
2025-11-20T15:04:40.916729,2,-25,-73.44905376434326
2025-11-20T15:04:41.103135,2,-25,-73.35234642028809
2025-11-20T15:04:41.289451,2,-25,-73.48514556884766
2025-11-20T15:04:41.476199,2,-25,-73.41027736663818
2025-11-20T15:04:41.662596,2,-25,-73.48190307617188
2025-11-20T15:04:41.849209,2,-25,-73.46747875213623
2025-11-20T15:04:42.035968,2,-25,-73.4828519821167
2025-11-20T15:04:42.222424,2,-25,-73.51985931396484
2025-11-20T15:04:42.409717,2,-25,-73.43180656433105
2025-11-20T15:04:42.595004,2,-25,-73.46861362457275
2025-11-20T15:04:42.780393,2,-25,-73.51352214813232
2025-11-20T15:04:42.968190,2,-25,-73.41543197631836
2025-11-20T15:04:43.155397,2,-25,-73.42600345611572
2025-11-20T15:04:43.342606,2,-25,-73.46342086791992
2025-11-20T15:04:43.529402,2,-25,-73.43132019042969
2025-11-20T15:04:43.716653,2,-25,-73.48710536956787
2025-11-20T15:04:43.903283,2,-25,-73.46944808959961
2025-11-20T15:04:44.089119,2,-25,-73.4741735458374
2025-11-20T15:04:44.275766,2,-25,-73.41719150543213
2025-11-20T15:04:44.462646,2,-25,-73.41960906982422
2025-11-20T15:04:44.649026,2,-25,-73.42766761779785
2025-11-20T15:04:44.836228,2,-25,-73.44828128814697
2025-11-20T15:04:45.023019,2,-25,-73.31621170043945
2025-11-20T15:04:45.209614,2,-25,-73.39739322662354
2025-11-20T15:04:45.396714,2,-25,-73.39011192321777
2025-11-20T15:04:45.583733,2,-25,-73.44314575195312
2025-11-20T15:04:45.771011,2,-25,-73.4144639968872
2025-11-20T15:04:45.957891,2,-25,-73.38482856750488
2025-11-20T15:04:46.145070,2,-25,-73.43306064605713
2025-11-20T15:04:46.332572,2,-25,-73.45391273498535
2025-11-20T15:04:46.519559,2,-25,-73.34706783294678
2025-11-20T15:04:46.705823,2,-25,-73.4557580947876
2025-11-20T15:04:46.892100,2,-25,-73.42154502868652
2025-11-20T15:04:47.079353,2,-25,-73.45771312713623
2025-11-20T15:04:47.265705,2,-25,-73.44858646392822
2025-11-20T15:04:47.452109,2,-25,-73.48156452178955
2025-11-20T15:04:47.639043,2,-25,-73.41122150421143
2025-11-20T15:04:47.825797,2,-25,-73.4760570526123
2025-11-20T15:04:48.012995,2,-25,-73.45274925231934
2025-11-20T15:04:48.198244,2,-25,-73.3917236328125
2025-11-20T15:04:48.384956,2,-25,-73.3992052078247
2025-11-20T15:04:48.571976,2,-25,-73.43661785125732
2025-11-20T15:04:48.759147,2,-25,-73.44956398010254
2025-11-20T15:04:48.946136,2,-25,-73.43832492828369
2025-11-20T15:04:49.133654,2,-25,-73.41383934020996
2025-11-20T15:04:49.320753,2,-25,-73.37482452392578
2025-11-20T15:04:49.507989,2,-25,-73.42394828796387
2025-11-20T15:04:49.695037,2,-25,-73.39260578155518
2025-11-20T15:04:49.881567,2,-25,-73.49350929260254
2025-11-20T15:04:50.068579,2,-25,-73.47410202026367
2025-11-20T15:04:50.256177,2,-25,-73.45521450042725
2025-11-20T15:04:50.443409,2,-25,-73.43098163604736
2025-11-20T15:04:50.630036,2,-25,-73.4726619720459
2025-11-20T15:04:50.817385,2,-25,-73.46296787261963
2025-11-20T15:04:51.003808,2,-25,-73.46953868865967
2025-11-20T15:04:51.190347,2,-25,-73.39251041412354
2025-11-20T15:04:51.376968,2,-25,-73.4225606918335
2025-11-20T15:04:51.563409,2,-25,-73.47795963287354
2025-11-20T15:04:51.749647,2,-25,-73.45959186553955
2025-11-20T15:04:51.935442,2,-25,-73.45927715301514
2025-11-20T15:04:52.122082,2,-25,-73.45976829528809
2025-11-20T15:04:52.308599,2,-25,-73.39942932128906
2025-11-20T15:04:52.494746,2,-25,-73.42371940612793
2025-11-20T15:04:52.680695,2,-25,-73.3592414855957
2025-11-20T15:04:52.866813,2,-25,-73.38290214538574
2025-11-20T15:04:53.053798,2,-25,-73.44720840454102
2025-11-20T15:04:53.241398,2,-25,-73.44790458679199
2025-11-20T15:04:53.428536,2,-25,-73.36363792419434
2025-11-20T15:04:53.616383,2,-25,-73.42251300811768
2025-11-20T15:04:53.803499,2,-25,-73.40596199035645
2025-11-20T15:04:53.990899,2,-25,-73.53072166442871
2025-11-20T15:04:54.178057,2,-25,-73.34406852722168
2025-11-20T15:04:54.365106,2,-25,-73.45531940460205
2025-11-20T15:04:54.551602,2,-25,-73.41738224029541
2025-11-20T15:04:54.738419,2,-25,-73.48386764526367
2025-11-20T15:04:54.925926,2,-25,-73.41772079467773
2025-11-20T15:04:55.113088,2,-25,-73.47544193267822
2025-11-20T15:04:55.300701,2,-25,-73.45786094665527
2025-11-20T15:04:55.488085,2,-25,-73.46519470214844
2025-11-20T15:04:55.675219,2,-25,-73.40049743652344
2025-11-20T15:04:55.862338,2,-25,-73.35543632507324
2025-11-20T15:04:56.049815,2,-25,-73.3786153793335
2025-11-20T15:04:56.236810,2,-25,-73.36386203765869
2025-11-20T15:04:56.424086,2,-25,-73.41904163360596
2025-11-20T15:04:56.611214,2,-25,-73.40672016143799
2025-11-20T15:04:56.797252,2,-25,-73.3613109588623
2025-11-20T15:04:56.984372,2,-25,-73.45195770263672
2025-11-20T15:04:57.171211,2,-25,-73.45835208892822
2025-11-20T15:04:57.358075,2,-25,-73.43207836151123
2025-11-20T15:04:57.545218,2,-25,-73.44176292419434
2025-11-20T15:05:57.101802,1,-30,-73.59548091888428
2025-11-20T15:05:57.287808,2,-25,-73.54196071624756
2025-11-20T15:05:57.474137,2,-25,-73.52426052093506
2025-11-20T15:05:57.660799,2,-25,-73.65583419799805
2025-11-20T15:05:57.847334,2,-25,-73.62870216369629
2025-11-20T15:05:58.034082,2,-25,-73.51702213287354
2025-11-20T15:05:58.221051,2,-25,-73.56600761413574
2025-11-20T15:05:58.408018,2,-25,-73.50263595581055
2025-11-20T15:05:58.595844,2,-25,-73.53049278259277
2025-11-20T15:05:58.783437,2,-25,-73.63141059875488
2025-11-20T15:05:58.970297,2,-25,-73.5230827331543
2025-11-20T15:05:59.157004,2,-25,-73.55388641357422
2025-11-20T15:05:59.343713,2,-25,-73.34871768951416
2025-11-20T15:05:59.530036,2,-25,-73.49426746368408
2025-11-20T15:05:59.716814,2,-25,-73.59098434448242
2025-11-20T15:05:59.903975,2,-25,-73.33639144897461
2025-11-20T15:06:00.091243,2,-25,-73.45449447631836
2025-11-20T15:06:00.278149,2,-25,-73.5805082321167
2025-11-20T15:06:00.465277,2,-25,-73.53304862976074
2025-11-20T15:06:00.652063,2,-25,-73.37909698486328
2025-11-20T15:06:00.838841,2,-25,-73.34326267242432
2025-11-20T15:06:01.025315,2,-25,-73.47168922424316
2025-11-20T15:06:01.212425,2,-25,-73.45224857330322
2025-11-20T15:06:01.399018,2,-25,-73.36277961730957
2025-11-20T15:06:01.585044,2,-25,-73.33687782287598
2025-11-20T15:06:01.772192,2,-25,-73.38233947753906
2025-11-20T15:06:01.959477,2,-25,-73.37024211883545
2025-11-20T15:06:02.147069,2,-25,-73.2802677154541
2025-11-20T15:06:02.334727,2,-25,-73.22869777679443
2025-11-20T15:06:02.522160,2,-25,-73.27431201934814
2025-11-20T15:06:02.709526,2,-25,-73.30978870391846
2025-11-20T15:06:02.896934,2,-25,-73.35813522338867
2025-11-20T15:06:03.083513,2,-25,-73.33724021911621
2025-11-20T15:06:03.271133,2,-25,-73.29809665679932
2025-11-20T15:06:03.458268,2,-25,-73.26573848724365
2025-11-20T15:06:03.645758,2,-25,-73.1721019744873
2025-11-20T15:06:03.832676,2,-25,-73.2418441772461
2025-11-20T15:06:04.020258,2,-25,-73.22028636932373
2025-11-20T15:06:04.207966,2,-25,-73.41589450836182
2025-11-20T15:06:04.394716,2,-25,-73.3422327041626
2025-11-20T15:06:04.582848,2,-25,-73.42300415039062
2025-11-20T15:12:32.237396,1,-30,-73.44102382659912
2025-11-20T15:12:32.425565,2,-25,-73.48516941070557
2025-11-20T15:12:32.613452,2,-25,-73.52071762084961
2025-11-20T15:12:32.801370,2,-25,-73.61277103424072
2025-11-20T15:12:32.988543,2,-25,-73.52754592895508
2025-11-20T15:12:33.176185,2,-25,-73.54666233062744
2025-11-20T15:12:33.363326,2,-25,-73.52216243743896
2025-11-20T15:12:33.549694,2,-25,-73.52794170379639
2025-11-20T15:12:33.736770,2,-25,-73.54434490203857
2025-11-20T15:12:33.923942,2,-25,-73.49836826324463
2025-11-20T15:12:34.111055,2,-25,-73.56810569763184
2025-11-20T15:12:34.297786,2,-25,-73.45269680023193
2025-11-20T15:12:34.484777,2,-25,-73.5320234298706
2025-11-20T15:12:34.671836,2,-25,-73.55709552764893
2025-11-20T15:12:34.858897,2,-25,-73.50016117095947
2025-11-20T15:12:35.046155,2,-25,-73.61436367034912
2025-11-20T15:12:35.233608,2,-25,-73.53373527526855
2025-11-20T15:12:35.420919,2,-25,-73.5012149810791
2025-11-20T15:12:35.607908,2,-25,-73.5414171218872
2025-11-20T15:12:35.795629,2,-25,-73.43029022216797
2025-11-20T15:12:35.982875,2,-25,-73.47754001617432
2025-11-20T15:12:36.170163,2,-25,-73.55902671813965
2025-11-20T15:12:36.357613,2,-25,-73.58243942260742
2025-11-20T15:12:36.545041,2,-25,-73.52170467376709
2025-11-20T15:12:36.732605,2,-25,-73.53951454162598
2025-11-20T15:12:36.919928,2,-25,-73.53509902954102
2025-11-20T15:12:37.107709,2,-25,-73.56881141662598
2025-11-20T15:12:37.295175,2,-25,-73.5311222076416
2025-11-20T15:12:37.482527,2,-25,-73.52555751800537
2025-11-20T15:12:37.669781,2,-25,-73.50663661956787
2025-11-20T15:12:37.856734,2,-25,-73.53296756744385
2025-11-20T15:12:38.043553,2,-25,-73.49077701568604
2025-11-20T15:12:38.230717,2,-25,-73.55449199676514
2025-11-20T15:12:38.418194,2,-25,-73.48131656646729
2025-11-20T15:12:38.605249,2,-25,-73.54720115661621
2025-11-20T15:12:38.792584,2,-25,-73.50119590759277
2025-11-20T15:12:38.979352,2,-25,-73.55513095855713
2025-11-20T15:12:39.166518,2,-25,-73.52945804595947
2025-11-20T15:12:39.354194,2,-25,-73.44711780548096
2025-11-20T15:12:39.541297,2,-25,-73.56630325317383
2025-11-20T15:12:39.728706,2,-25,-73.56447219848633
2025-11-20T15:12:39.915789,2,-25,-73.54313373565674
2025-11-20T15:12:40.103077,2,-25,-73.51369857788086
2025-11-20T15:12:40.290049,2,-25,-73.55757713317871
2025-11-20T15:12:40.477132,2,-25,-73.52525234222412
2025-11-20T15:12:40.664540,2,-25,-73.51756572723389
2025-11-20T15:12:40.852027,2,-25,-73.59781742095947
2025-11-20T15:12:41.039408,2,-25,-73.56703281402588
2025-11-20T15:12:41.226665,2,-25,-73.51624488830566
2025-11-20T15:12:41.413954,2,-25,-73.52450847625732
2025-11-20T15:12:41.601185,2,-25,-73.5349702835083
2025-11-20T15:12:41.788579,2,-25,-73.51349830627441
2025-11-20T15:12:41.975792,2,-25,-73.54030132293701
2025-11-20T15:12:42.163174,2,-25,-73.49749088287354
2025-11-20T15:12:42.349915,2,-25,-73.53903293609619
2025-11-20T15:12:42.537278,2,-25,-73.51572036743164
2025-11-20T15:12:42.724745,2,-25,-73.48945617675781
2025-11-20T15:12:42.911758,2,-25,-73.51983070373535
2025-11-20T15:12:43.098622,2,-25,-73.48750591278076
2025-11-20T15:12:43.286646,2,-25,-73.51311206817627
2025-11-20T15:12:43.472980,2,-25,-73.53269577026367
2025-11-20T15:12:43.660546,2,-25,-73.45678806304932
2025-11-20T15:12:43.846451,2,-25,-73.55863094329834
2025-11-20T15:12:44.031452,2,-25,-73.52038860321045
2025-11-20T15:12:44.217892,2,-25,-73.51828575134277
2025-11-20T15:12:44.404522,2,-25,-73.51712226867676
2025-11-20T15:12:44.591623,2,-25,-73.54090213775635
2025-11-20T15:12:44.777775,2,-25,-73.56037616729736
2025-11-20T15:12:44.964461,2,-25,-73.48089694976807
2025-11-20T15:12:45.150476,2,-25,-73.57301712036133
2025-11-20T15:12:45.336398,2,-25,-73.48179817199707
2025-11-20T15:12:45.522984,2,-25,-73.46658706665039
2025-11-20T15:12:45.709185,2,-25,-73.60360145568848
2025-11-20T15:12:45.895628,2,-25,-73.5375165939331
2025-11-20T15:12:46.082632,2,-25,-73.53504657745361
2025-11-20T15:12:46.268489,2,-25,-73.53738784790039
2025-11-20T15:12:46.455112,2,-25,-73.61106395721436
2025-11-20T15:12:46.641183,2,-25,-73.54832172393799
2025-11-20T15:12:46.827608,2,-25,-73.53754043579102
2025-11-20T15:12:47.013882,2,-25,-73.49406242370605
2025-11-20T15:12:47.199730,2,-25,-73.50954532623291
2025-11-20T15:12:47.385311,2,-25,-73.52731227874756
2025-11-20T15:12:47.572509,2,-25,-73.52411270141602
2025-11-20T15:12:47.759326,2,-25,-73.51526737213135
2025-11-20T15:12:47.945616,2,-25,-73.48564624786377
2025-11-20T15:12:48.132169,2,-25,-73.50391864776611
2025-11-20T15:12:48.318280,2,-25,-73.46412658691406
2025-11-20T15:12:48.504519,2,-25,-73.49368572235107
2025-11-20T15:12:48.691639,2,-25,-73.55563640594482
2025-11-20T15:12:48.877644,2,-25,-73.47607612609863
2025-11-20T15:12:49.064391,2,-25,-73.52034568786621
2025-11-20T15:12:49.251696,2,-25,-73.47642421722412
2025-11-20T15:12:49.437897,2,-25,-73.51697444915771
2025-11-20T15:12:49.624403,2,-25,-73.57429504394531
2025-11-20T15:12:49.810129,2,-25,-73.58099937438965
2025-11-20T15:12:49.996088,2,-25,-73.56646537780762
2025-11-20T15:12:50.182081,2,-25,-73.53431701660156
2025-11-20T15:12:50.368224,2,-25,-73.47922801971436
2025-11-20T15:12:50.554894,2,-25,-73.52185249328613
2025-11-20T15:12:50.742065,2,-25,-73.54978084564209
2025-11-20T15:12:50.928818,2,-25,-73.51224422454834
2025-11-20T15:12:51.115878,2,-25,-73.55891227722168
2025-11-20T15:12:51.302355,2,-25,-73.51985931396484
2025-11-20T15:12:51.488901,2,-25,-73.46467971801758
2025-11-20T15:12:51.675421,2,-25,-73.45396041870117
2025-11-20T15:12:51.862195,2,-25,-73.47736358642578
2025-11-20T15:12:52.048669,2,-25,-73.50264549255371
2025-11-20T15:12:52.235664,2,-25,-73.49646091461182
2025-11-20T15:12:52.422823,2,-25,-73.45767021179199
2025-11-20T15:12:52.609794,2,-25,-73.52158546447754
2025-11-20T15:12:52.796900,2,-25,-73.45944881439209
2025-11-20T15:12:52.983987,2,-25,-73.50834846496582
2025-11-20T15:12:53.170694,2,-25,-73.46271991729736
2025-11-20T15:12:53.357991,2,-25,-73.54935646057129
2025-11-20T15:12:53.544935,2,-25,-73.47761631011963
2025-11-20T15:12:53.732219,2,-25,-73.54917526245117
2025-11-20T15:12:53.919501,2,-25,-73.59054565429688
2025-11-20T15:12:54.106137,2,-25,-73.49834442138672
2025-11-20T15:12:54.292848,2,-25,-73.55229377746582
2025-11-20T15:12:54.480098,2,-25,-73.44170093536377
2025-11-20T15:12:54.667104,2,-25,-73.60229969024658
2025-11-20T15:12:54.853943,2,-25,-73.53318691253662
2025-11-20T15:12:55.040905,2,-25,-73.51901531219482
2025-11-20T15:12:55.228392,2,-25,-73.49634170532227
2025-11-20T15:12:55.415319,2,-25,-73.52095603942871
2025-11-20T15:12:55.602282,2,-25,-73.55290412902832
2025-11-20T15:12:55.789803,2,-25,-73.55928421020508
2025-11-20T15:12:55.976349,2,-25,-73.55887413024902
2025-11-20T15:12:56.163251,2,-25,-73.47415447235107
2025-11-20T15:12:56.350212,2,-25,-73.46631526947021
2025-11-20T15:12:56.536556,2,-25,-73.4858751296997
2025-11-20T15:12:56.722998,2,-25,-73.50998878479004
2025-11-20T15:12:56.909944,2,-25,-73.48909854888916
2025-11-20T15:12:57.096837,2,-25,-73.50133895874023
2025-11-20T15:12:57.283715,2,-25,-73.55132102966309
2025-11-20T15:12:57.470236,2,-25,-73.46977233886719
2025-11-20T15:12:57.656945,2,-25,-73.51101398468018
2025-11-20T15:12:57.843134,2,-25,-73.50462436676025
2025-11-20T15:12:58.030102,2,-25,-73.56549263000488
2025-11-20T15:12:58.217235,2,-25,-73.5110092163086
2025-11-20T15:12:58.404227,2,-25,-73.54945182800293
2025-11-20T15:12:58.591218,2,-25,-73.55100154876709
2025-11-20T15:12:58.779138,2,-25,-73.49558353424072
2025-11-20T15:12:58.966477,2,-25,-73.53116989135742
2025-11-20T15:12:59.154096,2,-25,-73.53960514068604
2025-11-20T15:12:59.341772,2,-25,-73.60066413879395
2025-11-20T15:12:59.529573,2,-25,-73.53433132171631
2025-11-20T15:12:59.717048,2,-25,-73.54740619659424
2025-11-20T15:12:59.904068,2,-25,-73.55063438415527
2025-11-20T15:13:00.091521,2,-25,-73.40850830078125
2025-11-20T15:13:00.278728,2,-25,-73.56359004974365
2025-11-20T15:13:00.465096,2,-25,-73.58598709106445
2025-11-20T15:13:00.652385,2,-25,-73.5570478439331
2025-11-20T15:13:00.839417,2,-25,-73.58029842376709
2025-11-20T15:13:01.026315,2,-25,-73.49061489105225
2025-11-20T15:13:01.212565,2,-25,-73.45555782318115
2025-11-20T15:13:01.399273,2,-25,-73.51129055023193
2025-11-20T15:13:01.585718,2,-25,-73.40783596038818
2025-11-20T15:13:01.772353,2,-25,-73.57945442199707
2025-11-20T15:13:01.958541,2,-25,-73.46517562866211
2025-11-20T15:13:02.145575,2,-25,-73.5235595703125
2025-11-20T15:13:02.332083,2,-25,-73.55358123779297
2025-11-20T15:13:02.519322,2,-25,-73.49690914154053
2025-11-20T15:13:02.706268,2,-25,-73.55062961578369
2025-11-20T15:13:02.892831,2,-25,-73.50087642669678
2025-11-20T15:13:03.080008,2,-25,-73.49572658538818
2025-11-20T15:13:03.266284,2,-25,-73.48762035369873
2025-11-20T15:13:03.453672,2,-25,-73.54597091674805
2025-11-20T15:13:03.640502,2,-25,-73.52006435394287
2025-11-20T15:13:03.825312,2,-25,-73.5097599029541
2025-11-20T15:13:04.010786,2,-25,-73.51748466491699
2025-11-20T15:13:04.196811,2,-25,-73.49612712860107
2025-11-20T15:13:04.383068,2,-25,-73.53819847106934
2025-11-20T15:13:04.568882,2,-25,-73.50726127624512
2025-11-20T15:13:04.755046,2,-25,-73.55356693267822
2025-11-20T15:13:04.941368,2,-25,-73.53110313415527
2025-11-20T15:13:05.127522,2,-25,-73.52060794830322
2025-11-20T15:13:05.314253,2,-25,-73.4965705871582
2025-11-20T15:13:05.500884,2,-25,-73.56953144073486
2025-11-20T15:13:05.687186,2,-25,-73.51845264434814
2025-11-20T15:13:05.873507,2,-25,-73.5102128982544
2025-11-20T15:13:06.060038,2,-25,-73.5482931137085
2025-11-20T15:13:06.246855,2,-25,-73.55659484863281
2025-11-20T15:13:06.433080,2,-25,-73.54302883148193
2025-11-20T15:13:06.619573,2,-25,-73.53206157684326
2025-11-20T15:13:06.806312,2,-25,-73.53582382202148
2025-11-20T15:19:47.755705,1,-30,-73.5671329498291
2025-11-20T15:19:47.942100,2,-25,-73.51548194885254
2025-11-20T15:19:48.128450,2,-25,-73.54146957397461
2025-11-20T15:19:48.314994,2,-25,-73.55058670043945
2025-11-20T15:19:48.501492,2,-25,-73.51020336151123
2025-11-20T15:19:48.687802,2,-25,-73.53050708770752
2025-11-20T15:19:48.874415,2,-25,-73.57272624969482
2025-11-20T15:19:49.061086,2,-25,-73.55839729309082
2025-11-20T15:19:49.247497,2,-25,-73.55019092559814
2025-11-20T15:19:49.434111,2,-25,-73.51321220397949
2025-11-20T15:19:49.620427,2,-25,-73.5690975189209
2025-11-20T15:19:49.807212,2,-25,-73.53036403656006
2025-11-20T15:19:49.993841,2,-25,-73.57001781463623
2025-11-20T15:19:50.180809,2,-25,-73.57658386230469
2025-11-20T15:19:50.367287,2,-25,-73.52805614471436
2025-11-20T15:19:50.553502,2,-25,-73.5662031173706
2025-11-20T15:19:50.740639,2,-25,-73.55354309082031
2025-11-20T15:19:50.927551,2,-25,-73.44461917877197
2025-11-20T15:19:51.114178,2,-25,-73.48360061645508
2025-11-20T15:19:51.300888,2,-25,-73.56726169586182
2025-11-20T15:19:51.488051,2,-25,-73.54913234710693
2025-11-20T15:19:51.675486,2,-25,-73.56485366821289
2025-11-20T15:19:51.862582,2,-25,-73.54206562042236
2025-11-20T15:19:52.049716,2,-25,-73.57099056243896
2025-11-20T15:19:52.236186,2,-25,-73.48845481872559
2025-11-20T15:19:52.422998,2,-25,-73.53295803070068
2025-11-20T15:19:52.610188,2,-25,-73.43226432800293
2025-11-20T15:19:52.797895,2,-25,-73.54901313781738
2025-11-20T15:19:52.985090,2,-25,-73.51773738861084
2025-11-20T15:19:53.172467,2,-25,-73.52962493896484
2025-11-20T15:19:53.358643,2,-25,-73.51844310760498
2025-11-20T15:19:53.545080,2,-25,-73.5237169265747
2025-11-20T15:19:53.732361,2,-25,-73.44721794128418
2025-11-20T15:19:53.919671,2,-25,-73.52365970611572
2025-11-20T15:19:54.105901,2,-25,-73.59594821929932
2025-11-20T15:19:54.292617,2,-25,-73.56130123138428
2025-11-20T15:19:54.479664,2,-25,-73.6302900314331
2025-11-20T15:19:54.665601,2,-25,-73.4636402130127
2025-11-20T15:19:54.850530,2,-25,-73.51938724517822
2025-11-20T15:19:55.036810,2,-25,-73.56362819671631
2025-11-20T15:19:55.223122,2,-25,-73.58879566192627
2025-11-20T15:19:55.410027,2,-25,-73.4701156616211
2025-11-20T15:19:55.597168,2,-25,-73.48581790924072
2025-11-20T15:19:55.784377,2,-25,-73.52516174316406
2025-11-20T15:19:55.971539,2,-25,-73.50253105163574
2025-11-20T15:19:56.158100,2,-25,-73.55891227722168
2025-11-20T15:19:56.344950,2,-25,-73.58665466308594
2025-11-20T15:19:56.530377,2,-25,-73.58069896697998
2025-11-20T15:19:56.716641,2,-25,-73.49045753479004
2025-11-20T15:19:56.904036,2,-25,-73.53631019592285
2025-11-20T15:19:57.091406,2,-25,-73.54673862457275
2025-11-20T15:19:57.277390,2,-25,-73.52254390716553
2025-11-20T15:19:57.464332,2,-25,-73.51416110992432
2025-11-20T15:19:57.650796,2,-25,-73.57426166534424
2025-11-20T15:19:57.837625,2,-25,-73.51478576660156
2025-11-20T15:19:58.024191,2,-25,-73.58759880065918
2025-11-20T15:19:58.211066,2,-25,-73.52433681488037
2025-11-20T15:19:58.397391,2,-25,-73.52906227111816
2025-11-20T15:19:58.583853,2,-25,-73.54389667510986
2025-11-20T15:19:58.770073,2,-25,-73.58891487121582
2025-11-20T15:19:58.957559,2,-25,-73.44286441802979
2025-11-20T15:19:59.145219,2,-25,-73.49065780639648
2025-11-20T15:19:59.332667,2,-25,-73.55028629302979
2025-11-20T15:19:59.520094,2,-25,-73.57649326324463
2025-11-20T15:19:59.707196,2,-25,-73.54218006134033
2025-11-20T15:19:59.893732,2,-25,-73.48009586334229
2025-11-20T15:20:00.080813,2,-25,-73.55908870697021
2025-11-20T15:20:00.267756,2,-25,-73.54923248291016
2025-11-20T15:20:00.454695,2,-25,-73.53719234466553
2025-11-20T15:20:00.642090,2,-25,-73.55680465698242
2025-11-20T15:20:00.829319,2,-25,-73.49852561950684
2025-11-20T15:20:01.016188,2,-25,-73.49942684173584
2025-11-20T15:20:01.204841,2,-25,-73.49912643432617
2025-11-20T15:20:01.392437,2,-25,-73.51191997528076
2025-11-20T15:20:01.579900,2,-25,-73.47028732299805
2025-11-20T15:20:01.766550,2,-25,-73.54684829711914
2025-11-20T15:20:01.953679,2,-25,-73.56966495513916
2025-11-20T15:20:02.140777,2,-25,-73.5319995880127
2025-11-20T15:20:02.328028,2,-25,-73.48254680633545
2025-11-20T15:20:02.515598,2,-25,-73.58492374420166
2025-11-20T15:20:02.702692,2,-25,-73.57143878936768
2025-11-20T15:20:02.891686,2,-25,-73.56352806091309
2025-11-20T15:20:03.079086,2,-25,-73.4473466873169
2025-11-20T15:20:03.265367,2,-25,-73.52191925048828
2025-11-20T15:20:03.452877,2,-25,-73.55987548828125
2025-11-20T15:20:03.640238,2,-25,-73.61244201660156
2025-11-20T15:20:03.827621,2,-25,-73.53727340698242
2025-11-20T15:20:04.015123,2,-25,-73.56886863708496
2025-11-20T15:20:04.202978,2,-25,-73.53537082672119
2025-11-20T15:20:04.390196,2,-25,-73.53731155395508
2025-11-20T15:20:04.577357,2,-25,-73.57501983642578
2025-11-20T15:20:04.764843,2,-25,-73.58358383178711
2025-11-20T15:20:04.952632,2,-25,-73.54594230651855
2025-11-20T15:20:05.139787,2,-25,-73.53263854980469
2025-11-20T15:20:05.327150,2,-25,-73.49033832550049
2025-11-20T15:20:05.513527,2,-25,-73.56557846069336
2025-11-20T15:20:05.700833,2,-25,-73.5208511352539
2025-11-20T15:20:05.888345,2,-25,-73.48419666290283
2025-11-20T15:20:06.075775,2,-25,-73.50800514221191
2025-11-20T15:20:06.262609,2,-25,-73.57237339019775
2025-11-20T15:20:06.450124,2,-25,-73.52505683898926
2025-11-20T15:20:06.637617,2,-25,-73.52236270904541
2025-11-20T15:20:06.824954,2,-25,-73.58132839202881
2025-11-20T15:20:07.011807,2,-25,-73.58675956726074
2025-11-20T15:20:07.199227,2,-25,-73.55818748474121
2025-11-20T15:20:07.386249,2,-25,-73.5864782333374
2025-11-20T15:20:07.573637,2,-25,-73.57056617736816
2025-11-20T15:20:07.760902,2,-25,-73.60320568084717
2025-11-20T15:20:07.947869,2,-25,-73.47476482391357
2025-11-20T15:20:08.134395,2,-25,-73.50186824798584
2025-11-20T15:20:08.322202,2,-25,-73.573317527771
2025-11-20T15:20:08.509911,2,-25,-73.52979183197021
2025-11-20T15:20:08.697516,2,-25,-73.50276470184326
2025-11-20T15:20:08.885518,2,-25,-73.56407165527344
2025-11-20T15:20:09.072561,2,-25,-73.52474689483643
2025-11-20T15:20:09.260125,2,-25,-73.535475730896
2025-11-20T15:20:09.447678,2,-25,-73.4819746017456
2025-11-20T15:20:09.635790,2,-25,-73.48783493041992
2025-11-20T15:20:09.823359,2,-25,-73.53776931762695
2025-11-20T15:20:10.010699,2,-25,-73.55400562286377
2025-11-20T15:20:10.198095,2,-25,-73.49365234375
2025-11-20T15:20:10.385189,2,-25,-73.62459659576416
2025-11-20T15:20:10.572852,2,-25,-73.5610818862915
2025-11-20T15:20:10.760493,2,-25,-73.52972984313965
2025-11-20T15:20:10.947069,2,-25,-73.5586929321289
2025-11-20T15:20:11.133474,2,-25,-73.47115516662598
2025-11-20T15:20:11.321247,2,-25,-73.5224962234497
2025-11-20T15:20:11.508930,2,-25,-73.50746631622314
2025-11-20T15:20:11.696749,2,-25,-73.50188255310059
2025-11-20T15:20:11.883958,2,-25,-73.51751804351807
2025-11-20T15:20:12.070689,2,-25,-73.48649978637695
2025-11-20T15:20:12.258271,2,-25,-73.51460456848145
2025-11-20T15:20:12.445346,2,-25,-73.5252046585083
2025-11-20T15:20:12.632801,2,-25,-73.55528831481934
2025-11-20T15:20:12.820698,2,-25,-73.56521129608154
2025-11-20T15:20:13.008218,2,-25,-73.53456974029541
2025-11-20T15:20:13.195641,2,-25,-73.56719017028809
2025-11-20T15:20:13.383239,2,-25,-73.57619285583496
2025-11-20T15:20:13.570601,2,-25,-73.53744506835938
2025-11-20T15:20:13.757946,2,-25,-73.5033369064331
2025-11-20T15:20:13.944937,2,-25,-73.55729103088379
2025-11-20T15:20:14.132376,2,-25,-73.56990337371826
2025-11-20T15:20:14.319744,2,-25,-73.52267265319824
2025-11-20T15:20:14.507044,2,-25,-73.50127220153809
2025-11-20T15:20:14.694262,2,-25,-73.55175495147705
2025-11-20T15:20:14.881088,2,-25,-73.51172924041748
2025-11-20T15:20:15.067601,2,-25,-73.50825786590576
2025-11-20T15:20:15.255184,2,-25,-73.50486278533936
2025-11-20T15:20:15.443772,2,-25,-73.51646423339844
2025-11-20T15:20:15.631557,2,-25,-73.49108695983887
2025-11-20T15:20:15.818325,2,-25,-73.52650165557861
2025-11-20T15:20:16.005841,2,-25,-73.58287334442139
2025-11-20T15:20:16.193944,2,-25,-73.60349655151367
2025-11-20T15:20:16.382087,2,-25,-73.56183052062988
2025-11-20T15:20:16.570140,2,-25,-73.5625410079956
2025-11-20T15:20:16.758363,2,-25,-73.57768058776855
2025-11-20T15:20:16.946290,2,-25,-73.51324558258057
2025-11-20T15:20:17.132422,2,-25,-73.5499906539917
2025-11-20T15:20:17.319101,2,-25,-73.53412628173828
2025-11-20T15:20:17.506001,2,-25,-73.47123146057129
2025-11-20T15:20:17.692544,2,-25,-73.53036880493164
2025-11-20T15:20:17.880328,2,-25,-73.56203079223633
2025-11-20T15:20:18.067161,2,-25,-73.55192184448242
2025-11-20T15:20:18.253517,2,-25,-73.55413436889648
2025-11-20T15:20:18.438915,2,-25,-73.51097583770752
2025-11-20T15:20:18.624910,2,-25,-73.48077774047852
2025-11-20T15:20:18.812490,2,-25,-73.56863498687744
2025-11-20T15:20:18.998326,2,-25,-73.47365379333496
2025-11-20T15:20:19.183986,2,-25,-73.54912281036377
2025-11-20T15:20:19.369665,2,-25,-73.5649061203003
2025-11-20T15:20:19.555724,2,-25,-73.54335308074951
2025-11-20T15:20:19.742703,2,-25,-73.55406761169434
2025-11-20T15:20:19.930241,2,-25,-73.56451034545898
2025-11-20T15:20:20.117904,2,-25,-73.49787712097168
2025-11-20T15:20:20.304928,2,-25,-73.49947452545166
2025-11-20T15:20:20.491569,2,-25,-73.48271369934082
2025-11-20T15:20:20.677676,2,-25,-73.50289821624756
2025-11-20T15:20:20.864382,2,-25,-73.48503589630127
2025-11-20T15:20:21.051420,2,-25,-73.61220836639404
2025-11-20T15:20:21.237591,2,-25,-73.56017589569092
2025-11-20T15:20:21.424262,2,-25,-73.49733352661133
2025-11-20T15:20:21.610637,2,-25,-73.53559494018555
2025-11-20T15:20:21.797118,2,-25,-73.55945110321045
2025-11-20T15:20:21.982087,2,-25,-73.49546909332275
2025-11-20T15:20:22.168185,2,-25,-73.56720447540283
2025-11-20T15:20:22.355693,2,-25,-73.56573104858398
2025-11-20T15:21:49.442248,1,-30,-73.61150741577148
2025-11-20T15:21:49.629265,2,-25,-73.4890365600586
2025-11-20T15:21:49.816510,2,-25,-73.49400997161865
2025-11-20T15:21:50.003616,2,-25,-73.45730781555176
2025-11-20T15:21:50.191283,2,-25,-73.51263523101807
2025-11-20T15:21:50.378534,2,-25,-73.57284545898438
2025-11-20T15:21:50.566053,2,-25,-73.55805397033691
2025-11-20T15:21:50.753620,2,-25,-73.55716705322266
2025-11-20T15:21:50.941054,2,-25,-73.55589389801025
2025-11-20T15:21:51.128609,2,-25,-73.61836433410645
2025-11-20T15:21:51.315903,2,-25,-73.5206651687622
2025-11-20T15:21:51.502829,2,-25,-73.54809284210205
2025-11-20T15:21:51.690146,2,-25,-73.51771831512451
2025-11-20T15:21:51.877176,2,-25,-73.51132869720459
2025-11-20T15:21:52.063596,2,-25,-73.59367847442627
2025-11-20T15:21:52.250241,2,-25,-73.52590084075928
2025-11-20T15:21:52.437093,2,-25,-73.52470874786377
2025-11-20T15:21:52.624618,2,-25,-73.60379219055176
2025-11-20T15:21:52.811827,2,-25,-73.52547645568848
2025-11-20T15:21:52.999717,2,-25,-73.52163791656494
2025-11-20T15:21:53.187822,2,-25,-73.4773588180542
2025-11-20T15:21:53.375882,2,-25,-73.51171016693115
2025-11-20T15:21:53.563827,2,-25,-73.53920459747314
2025-11-20T15:21:53.751539,2,-25,-73.55491638183594
2025-11-20T15:21:53.938925,2,-25,-73.50475788116455
2025-11-20T15:21:54.126004,2,-25,-73.50078105926514
2025-11-20T15:21:54.313511,2,-25,-73.56963634490967
2025-11-20T15:21:54.501203,2,-25,-73.55007648468018
2025-11-20T15:21:54.688304,2,-25,-73.57996940612793
2025-11-20T15:21:54.875770,2,-25,-73.54490280151367
2025-11-20T15:21:55.062588,2,-25,-73.46818447113037
2025-11-20T15:21:55.249947,2,-25,-73.60693454742432
2025-11-20T15:21:55.437070,2,-25,-73.56414318084717
2025-11-20T15:21:55.624316,2,-25,-73.5230541229248
2025-11-20T15:21:55.811287,2,-25,-73.48907947540283
2025-11-20T15:21:56.000244,2,-25,-73.55195999145508
2025-11-20T15:21:56.187504,2,-25,-73.46084117889404
2025-11-20T15:21:56.374706,2,-25,-73.59601974487305
2025-11-20T15:21:56.561922,2,-25,-73.59251022338867
2025-11-20T15:21:56.748936,2,-25,-73.52807521820068
2025-11-20T15:21:56.936376,2,-25,-73.58055591583252
2025-11-20T15:21:57.123642,2,-25,-73.60761642456055
2025-11-20T15:21:57.310845,2,-25,-73.58367443084717
2025-11-20T15:21:57.497743,2,-25,-73.58322620391846
2025-11-20T15:21:57.684916,2,-25,-73.52595329284668
2025-11-20T15:21:57.872207,2,-25,-73.59107494354248
2025-11-20T15:21:58.059053,2,-25,-73.49462509155273
2025-11-20T15:21:58.246200,2,-25,-73.54567050933838
2025-11-20T15:21:58.433289,2,-25,-73.46465110778809
2025-11-20T15:21:58.619685,2,-25,-73.53030681610107
2025-11-20T15:21:58.807374,2,-25,-73.55649471282959
2025-11-20T15:21:58.994509,2,-25,-73.50668907165527
2025-11-20T15:21:59.181489,2,-25,-73.46438407897949
2025-11-20T15:21:59.368845,2,-25,-73.58070373535156
2025-11-20T15:21:59.555313,2,-25,-73.57113838195801
2025-11-20T15:21:59.740867,2,-25,-73.57743263244629
2025-11-20T15:21:59.928039,2,-25,-73.5048770904541
2025-11-20T15:22:00.115578,2,-25,-73.50088119506836
2025-11-20T15:22:00.302975,2,-25,-73.53748798370361
2025-11-20T15:22:00.491016,2,-25,-73.56062889099121
2025-11-20T15:22:00.678503,2,-25,-73.48708152770996
2025-11-20T15:22:00.865789,2,-25,-73.52116107940674
2025-11-20T15:22:01.053016,2,-25,-73.56327533721924
2025-11-20T15:22:01.240397,2,-25,-73.64947319030762
2025-11-20T15:22:01.427791,2,-25,-73.52344512939453
2025-11-20T15:22:01.615405,2,-25,-73.5752820968628
2025-11-20T15:22:01.802839,2,-25,-73.54994297027588
2025-11-20T15:22:01.990173,2,-25,-73.46188068389893
2025-11-20T15:22:02.177308,2,-25,-73.56272220611572
2025-11-20T15:22:02.364831,2,-25,-73.45922946929932
2025-11-20T15:22:02.551937,2,-25,-73.51425647735596
2025-11-20T15:22:02.738883,2,-25,-73.60222339630127
2025-11-20T15:22:02.926147,2,-25,-73.5590648651123
2025-11-20T15:22:03.113205,2,-25,-73.42657566070557
2025-11-20T15:22:03.300256,2,-25,-73.53481769561768
2025-11-20T15:22:03.487811,2,-25,-73.51347923278809
2025-11-20T15:22:03.675426,2,-25,-73.55577945709229
2025-11-20T15:22:03.862794,2,-25,-73.57843399047852
2025-11-20T15:22:04.049901,2,-25,-73.53161811828613
2025-11-20T15:22:04.236861,2,-25,-73.49771022796631
2025-11-20T15:22:04.424037,2,-25,-73.49890232086182
2025-11-20T15:22:04.611635,2,-25,-73.50497722625732
2025-11-20T15:22:04.798589,2,-25,-73.60644340515137
2025-11-20T15:22:04.984647,2,-25,-73.54479789733887
2025-11-20T15:22:05.171208,2,-25,-73.49511623382568
2025-11-20T15:22:05.357824,2,-25,-73.58363151550293
2025-11-20T15:22:05.544404,2,-25,-73.49932193756104
2025-11-20T15:22:05.732081,2,-25,-73.62497329711914
2025-11-20T15:22:05.919367,2,-25,-73.58665943145752
2025-11-20T15:22:06.106343,2,-25,-73.56632709503174
2025-11-20T15:22:06.294238,2,-25,-73.50903511047363
2025-11-20T15:22:06.481817,2,-25,-73.54827880859375
2025-11-20T15:22:06.669026,2,-25,-73.53316307067871
2025-11-20T15:22:06.856447,2,-25,-73.58309745788574
2025-11-20T15:22:07.043964,2,-25,-73.55817317962646
2025-11-20T15:22:07.231043,2,-25,-73.56841564178467
2025-11-20T15:22:07.418736,2,-25,-73.51188659667969
2025-11-20T15:22:07.605872,2,-25,-73.55207443237305
2025-11-20T15:22:07.793387,2,-25,-73.58465671539307
2025-11-20T15:22:07.980173,2,-25,-73.44457626342773
2025-11-20T15:22:08.167056,2,-25,-73.59747409820557
2025-11-20T15:22:08.353526,2,-25,-73.48097324371338
2025-11-20T15:22:08.540807,2,-25,-73.52946281433105
2025-11-20T15:22:08.727076,2,-25,-73.47617149353027
2025-11-20T15:22:08.913478,2,-25,-73.53323459625244
2025-11-20T15:22:09.100643,2,-25,-73.5411024093628
2025-11-20T15:22:09.287169,2,-25,-73.59616279602051
2025-11-20T15:22:09.474268,2,-25,-73.57369422912598
2025-11-20T15:22:09.661175,2,-25,-73.46887111663818
2025-11-20T15:22:09.848456,2,-25,-73.54106903076172
2025-11-20T15:22:10.034673,2,-25,-73.58765125274658
2025-11-20T15:22:10.222078,2,-25,-73.60286235809326
2025-11-20T15:22:10.408760,2,-25,-73.53865623474121
2025-11-20T15:22:10.595861,2,-25,-73.5391902923584
2025-11-20T15:22:10.782941,2,-25,-73.55325698852539
2025-11-20T15:22:10.968978,2,-25,-73.52646827697754
2025-11-20T15:22:11.156255,2,-25,-73.52100849151611
2025-11-20T15:22:11.343404,2,-25,-73.47342491149902
2025-11-20T15:22:11.530464,2,-25,-73.52924823760986
2025-11-20T15:22:11.717082,2,-25,-73.49927425384521
2025-11-20T15:22:11.903004,2,-25,-73.53170871734619
2025-11-20T15:22:12.088761,2,-25,-73.57436656951904
2025-11-20T15:22:12.274742,2,-25,-73.48217964172363
2025-11-20T15:22:12.461379,2,-25,-73.58911991119385
2025-11-20T15:22:12.647713,2,-25,-73.56757164001465
2025-11-20T15:22:12.834259,2,-25,-73.56354236602783
2025-11-20T15:22:13.021134,2,-25,-73.52015495300293
2025-11-20T15:22:13.207412,2,-25,-73.55167388916016
2025-11-20T15:22:13.393237,2,-25,-73.546462059021
2025-11-20T15:22:13.579783,2,-25,-73.4992504119873
2025-11-20T15:22:13.766266,2,-25,-73.47821235656738
2025-11-20T15:22:13.953365,2,-25,-73.58641147613525
2025-11-20T15:22:14.140176,2,-25,-73.58908176422119
2025-11-20T15:22:14.326868,2,-25,-73.48613262176514
2025-11-20T15:22:14.513075,2,-25,-73.5265064239502
2025-11-20T15:22:14.699911,2,-25,-73.51288318634033
2025-11-20T15:22:14.886536,2,-25,-73.56348991394043
2025-11-20T15:22:15.072507,2,-25,-73.6056137084961
2025-11-20T15:22:15.258629,2,-25,-73.47690105438232
2025-11-20T15:22:15.445968,2,-25,-73.5185194015503
2025-11-20T15:22:15.632465,2,-25,-73.55693340301514
2025-11-20T15:22:15.818293,2,-25,-73.55476379394531
2025-11-20T15:22:16.004899,2,-25,-73.50897312164307
2025-11-20T15:22:16.192010,2,-25,-73.53265285491943
2025-11-20T15:22:16.378312,2,-25,-73.63207817077637
2025-11-20T15:22:16.564943,2,-25,-73.51377964019775
2025-11-20T15:22:16.751860,2,-25,-73.56324195861816
2025-11-20T15:22:16.936881,2,-25,-73.54774475097656
2025-11-20T15:22:17.122983,2,-25,-73.54104042053223
2025-11-20T15:22:17.310671,2,-25,-73.5737419128418
2025-11-20T15:22:17.498360,2,-25,-73.4640645980835
2025-11-20T15:22:17.685322,2,-25,-73.50423812866211
2025-11-20T15:22:17.872931,2,-25,-73.58118534088135
2025-11-20T15:22:18.060638,2,-25,-73.48191261291504
2025-11-20T15:22:18.248166,2,-25,-73.51690292358398
2025-11-20T15:22:18.435876,2,-25,-73.5451602935791
2025-11-20T15:22:18.623328,2,-25,-73.6132287979126
2025-11-20T15:22:18.810220,2,-25,-73.5442590713501
2025-11-20T15:22:18.997227,2,-25,-73.50935935974121
2025-11-20T15:22:19.184065,2,-25,-73.514404296875
2025-11-20T15:22:19.371371,2,-25,-73.58987331390381
2025-11-20T15:22:19.558992,2,-25,-73.50433826446533
2025-11-20T15:22:19.746204,2,-25,-73.60036849975586
2025-11-20T15:22:19.933833,2,-25,-73.54125499725342
2025-11-20T15:22:20.121423,2,-25,-73.5593843460083
2025-11-20T15:22:20.309472,2,-25,-73.54424953460693
2025-11-20T15:22:20.496283,2,-25,-73.53160381317139
2025-11-20T15:22:20.683548,2,-25,-73.5594367980957
2025-11-20T15:22:20.869553,2,-25,-73.58715057373047
2025-11-20T15:22:21.056279,2,-25,-73.5722541809082
2025-11-20T15:22:21.242588,2,-25,-73.54461193084717
2025-11-20T15:22:21.429429,2,-25,-73.53808879852295
2025-11-20T15:22:21.615830,2,-25,-73.5798168182373
2025-11-20T15:22:21.802251,2,-25,-73.60090732574463
2025-11-20T15:22:21.990015,2,-25,-73.58366012573242
2025-11-20T15:22:22.177537,2,-25,-73.50068092346191
2025-11-20T15:22:22.364283,2,-25,-73.55179786682129
2025-11-20T15:22:22.551742,2,-25,-73.55685710906982
2025-11-20T15:22:22.739446,2,-25,-73.50798606872559
2025-11-20T15:22:22.925876,2,-25,-73.49859237670898
2025-11-20T15:22:23.112782,2,-25,-73.48711490631104
2025-11-20T15:22:23.299977,2,-25,-73.57466697692871
2025-11-20T15:22:23.487570,2,-25,-73.5683822631836
2025-11-20T15:22:23.675447,2,-25,-73.59014987945557
2025-11-20T15:22:23.863282,2,-25,-73.58250617980957
2025-11-20T15:22:24.050649,2,-25,-73.60391139984131
2025-11-20T15:24:31.960340,1,-30,-73.5366678237915
2025-11-20T15:24:32.147132,2,-25,-73.54630470275879
2025-11-20T15:24:32.334731,2,-25,-73.56204509735107
2025-11-20T15:24:32.521918,2,-25,-73.53884220123291
2025-11-20T15:24:32.708877,2,-25,-73.53526592254639
2025-11-20T15:24:32.896263,2,-25,-73.5063362121582
2025-11-20T15:24:33.083848,2,-25,-73.53084564208984
2025-11-20T15:24:33.271433,2,-25,-73.5376501083374
2025-11-20T15:24:33.458164,2,-25,-73.5758924484253
2025-11-20T15:24:33.645539,2,-25,-73.5291051864624
2025-11-20T15:24:33.832026,2,-25,-73.58455181121826
2025-11-20T15:24:34.018498,2,-25,-73.54985237121582
2025-11-20T15:24:34.205290,2,-25,-73.61263275146484
2025-11-20T15:24:34.392267,2,-25,-73.56163501739502
2025-11-20T15:24:34.579285,2,-25,-73.51703643798828
2025-11-20T15:24:34.766284,2,-25,-73.54753971099854
2025-11-20T15:24:34.953781,2,-25,-73.57433795928955
2025-11-20T15:24:35.141428,2,-25,-73.56782913208008
2025-11-20T15:24:35.328309,2,-25,-73.54718685150146
2025-11-20T15:24:35.514777,2,-25,-73.49497318267822
2025-11-20T15:24:35.701551,2,-25,-73.5814619064331
2025-11-20T15:24:35.888984,2,-25,-73.5927963256836
2025-11-20T15:24:36.075851,2,-25,-73.50700855255127
2025-11-20T15:24:36.263854,2,-25,-73.54712963104248
2025-11-20T15:24:36.451147,2,-25,-73.59601020812988
2025-11-20T15:24:36.638242,2,-25,-73.55181694030762
2025-11-20T15:24:36.826000,2,-25,-73.55254650115967
2025-11-20T15:24:37.012964,2,-25,-73.49705696105957
2025-11-20T15:24:37.200063,2,-25,-73.54353904724121
2025-11-20T15:24:37.387010,2,-25,-73.54613304138184
2025-11-20T15:24:37.573897,2,-25,-73.50823879241943
2025-11-20T15:24:37.761498,2,-25,-73.57836246490479
2025-11-20T15:24:37.948515,2,-25,-73.58896255493164
2025-11-20T15:24:38.136000,2,-25,-73.55527877807617
2025-11-20T15:24:38.323652,2,-25,-73.52294445037842
2025-11-20T15:24:38.511149,2,-25,-73.51242065429688
2025-11-20T15:24:38.698616,2,-25,-73.58815670013428
2025-11-20T15:24:38.885641,2,-25,-73.60321044921875
2025-11-20T15:24:39.072971,2,-25,-73.51334571838379
2025-11-20T15:24:39.260346,2,-25,-73.59587669372559
2025-11-20T15:24:39.447536,2,-25,-73.48607063293457
2025-11-20T15:24:39.634504,2,-25,-73.56558799743652
2025-11-20T15:24:39.822007,2,-25,-73.56001853942871
2025-11-20T15:24:40.009281,2,-25,-73.57404232025146
2025-11-20T15:24:40.196430,2,-25,-73.5059404373169
2025-11-20T15:24:40.383698,2,-25,-73.55871200561523
2025-11-20T15:24:40.570852,2,-25,-73.52093696594238
2025-11-20T15:24:40.758187,2,-25,-73.5411262512207
2025-11-20T15:24:40.945224,2,-25,-73.58407020568848
2025-11-20T15:24:41.132655,2,-25,-73.65099430084229
2025-11-20T15:24:41.319838,2,-25,-73.56049060821533
2025-11-20T15:24:41.506952,2,-25,-73.61704349517822
2025-11-20T15:24:41.694420,2,-25,-73.55762004852295
2025-11-20T15:24:41.881438,2,-25,-73.50407123565674
2025-11-20T15:24:42.069003,2,-25,-73.56424331665039
2025-11-20T15:24:42.256547,2,-25,-73.51604461669922
2025-11-20T15:24:42.443614,2,-25,-73.45704078674316
2025-11-20T15:24:42.631193,2,-25,-73.60151767730713
2025-11-20T15:24:42.818058,2,-25,-73.52161407470703
2025-11-20T15:24:43.005163,2,-25,-73.5185432434082
2025-11-20T15:24:43.190619,2,-25,-73.58947277069092
2025-11-20T15:24:43.376476,2,-25,-73.53149890899658
2025-11-20T15:24:43.563820,2,-25,-73.57824802398682
2025-11-20T15:24:43.751199,2,-25,-73.58802318572998
2025-11-20T15:24:43.938119,2,-25,-73.57279777526855
2025-11-20T15:24:44.124518,2,-25,-73.5912036895752
2025-11-20T15:24:44.311925,2,-25,-73.54169845581055
2025-11-20T15:24:44.498395,2,-25,-73.55589389801025
2025-11-20T15:24:44.684675,2,-25,-73.49916458129883
2025-11-20T15:24:44.871859,2,-25,-73.56568813323975
2025-11-20T15:24:45.058528,2,-25,-73.58251571655273
2025-11-20T15:24:45.246348,2,-25,-73.5422134399414
2025-11-20T15:24:45.433036,2,-25,-73.50541591644287
2025-11-20T15:24:45.620205,2,-25,-73.5230016708374
2025-11-20T15:24:45.807345,2,-25,-73.5620641708374
2025-11-20T15:24:45.993988,2,-25,-73.61705780029297
2025-11-20T15:24:46.181445,2,-25,-73.58318328857422
2025-11-20T15:24:46.368616,2,-25,-73.54349613189697
2025-11-20T15:24:46.555785,2,-25,-73.55899810791016
2025-11-20T15:24:46.743553,2,-25,-73.54416370391846
2025-11-20T15:24:46.928579,2,-25,-73.47924709320068
2025-11-20T15:24:47.114851,2,-25,-73.61255645751953
2025-11-20T15:24:47.301580,2,-25,-73.61469745635986
2025-11-20T15:24:47.488706,2,-25,-73.5682725906372
2025-11-20T15:24:47.675804,2,-25,-73.5830307006836
2025-11-20T15:24:47.862029,2,-25,-73.51930141448975
2025-11-20T15:24:48.049083,2,-25,-73.53695392608643
2025-11-20T15:24:48.235929,2,-25,-73.48933696746826
2025-11-20T15:24:48.421202,2,-25,-73.60310554504395
2025-11-20T15:24:48.607693,2,-25,-73.5438585281372
2025-11-20T15:24:48.794260,2,-25,-73.46890926361084
2025-11-20T15:24:48.980346,2,-25,-73.54248523712158
2025-11-20T15:24:49.167768,2,-25,-73.48974704742432
2025-11-20T15:24:49.355490,2,-25,-73.52278232574463
2025-11-20T15:24:49.542262,2,-25,-73.58367919921875
2025-11-20T15:24:49.727780,2,-25,-73.57136249542236
2025-11-20T15:24:49.913519,2,-25,-73.53286743164062
2025-11-20T15:24:50.099873,2,-25,-73.53516578674316
2025-11-20T15:24:50.286063,2,-25,-73.6007833480835
2025-11-20T15:24:50.472369,2,-25,-73.50887298583984
2025-11-20T15:24:50.658244,2,-25,-73.56528759002686
2025-11-20T15:24:50.844699,2,-25,-73.57745170593262
2025-11-20T15:24:51.031289,2,-25,-73.52221488952637
2025-11-20T15:24:51.217358,2,-25,-73.54564189910889
2025-11-20T15:24:51.403849,2,-25,-73.55396270751953
2025-11-20T15:24:51.590420,2,-25,-73.56013298034668
2025-11-20T15:24:51.776653,2,-25,-73.53346824645996
2025-11-20T15:24:51.963159,2,-25,-73.52218627929688
2025-11-20T15:24:52.150051,2,-25,-73.51468563079834
2025-11-20T15:24:52.336594,2,-25,-73.50059032440186
2025-11-20T15:24:52.524354,2,-25,-73.58433246612549
2025-11-20T15:24:52.711550,2,-25,-73.57805728912354
2025-11-20T15:24:52.899304,2,-25,-73.57296943664551
2025-11-20T15:24:53.086927,2,-25,-73.57969760894775
2025-11-20T15:24:53.274264,2,-25,-73.52005004882812
2025-11-20T15:24:53.461027,2,-25,-73.61713409423828
2025-11-20T15:24:53.647680,2,-25,-73.50082874298096
2025-11-20T15:24:53.833788,2,-25,-73.54784488677979
2025-11-20T15:24:54.020678,2,-25,-73.59758853912354
2025-11-20T15:24:54.207237,2,-25,-73.53082656860352
2025-11-20T15:24:54.394285,2,-25,-73.55284214019775
2025-11-20T15:24:54.581092,2,-25,-73.55928421020508
2025-11-20T15:24:54.767952,2,-25,-73.55332851409912
2025-11-20T15:24:54.954403,2,-25,-73.55000972747803
2025-11-20T15:24:55.140370,2,-25,-73.55462551116943
2025-11-20T15:24:55.326090,2,-25,-73.52025032043457
2025-11-20T15:24:55.511768,2,-25,-73.47503662109375
2025-11-20T15:24:55.697617,2,-25,-73.42866897583008
2025-11-20T15:24:55.884703,2,-25,-73.51941585540771
2025-11-20T15:24:56.071068,2,-25,-73.54955196380615
2025-11-20T15:24:56.257052,2,-25,-73.5706615447998
2025-11-20T15:24:56.443361,2,-25,-73.50903987884521
2025-11-20T15:24:56.630721,2,-25,-73.57369899749756
2025-11-20T15:24:56.817861,2,-25,-73.53372573852539
2025-11-20T15:24:57.005110,2,-25,-73.4849214553833
2025-11-20T15:24:57.191976,2,-25,-73.60539436340332
2025-11-20T15:24:57.378351,2,-25,-73.50208282470703
2025-11-20T15:24:57.564536,2,-25,-73.5510778427124
2025-11-20T15:24:57.750768,2,-25,-73.56992721557617
2025-11-20T15:24:57.937371,2,-25,-73.56744766235352
2025-11-20T15:24:58.124714,2,-25,-73.5506534576416
2025-11-20T15:24:58.310942,2,-25,-73.60054969787598
2025-11-20T15:24:58.497822,2,-25,-73.52135181427002
2025-11-20T15:24:58.683810,2,-25,-73.54987621307373
2025-11-20T15:24:58.870505,2,-25,-73.468918800354
2025-11-20T15:24:59.057093,2,-25,-73.5588550567627
2025-11-20T15:24:59.242709,2,-25,-73.56573104858398
2025-11-20T15:24:59.428697,2,-25,-73.59517574310303
2025-11-20T15:24:59.616224,2,-25,-73.51824760437012
2025-11-20T15:24:59.804061,2,-25,-73.52312564849854
2025-11-20T15:24:59.991999,2,-25,-73.53567123413086
2025-11-20T15:25:00.179806,2,-25,-73.52723121643066
2025-11-20T15:25:00.367469,2,-25,-73.56394290924072
2025-11-20T15:25:00.554642,2,-25,-73.54055881500244
2025-11-20T15:25:00.741645,2,-25,-73.50076198577881
2025-11-20T15:25:00.928513,2,-25,-73.53669166564941
2025-11-20T15:25:01.116343,2,-25,-73.60804557800293
2025-11-20T15:25:01.303110,2,-25,-73.47926139831543
2025-11-20T15:25:01.489614,2,-25,-73.53048324584961
2025-11-20T15:25:01.676834,2,-25,-73.59144687652588
2025-11-20T15:25:01.863351,2,-25,-73.55340957641602
2025-11-20T15:25:02.050313,2,-25,-73.5814094543457
2025-11-20T15:25:02.237825,2,-25,-73.57520580291748
2025-11-20T15:25:02.424864,2,-25,-73.56781482696533
2025-11-20T15:25:02.612204,2,-25,-73.52341175079346
2025-11-20T15:25:02.799185,2,-25,-73.50542545318604
2025-11-20T15:25:02.986421,2,-25,-73.56513977050781
2025-11-20T15:25:03.173315,2,-25,-73.58763694763184
2025-11-20T15:25:03.359993,2,-25,-73.53904724121094
2025-11-20T15:25:03.546798,2,-25,-73.58346939086914
2025-11-20T15:25:03.732190,2,-25,-73.55396270751953
2025-11-20T15:25:03.919241,2,-25,-73.57800006866455
2025-11-20T15:25:04.106213,2,-25,-73.50918769836426
2025-11-20T15:25:04.293360,2,-25,-73.51551532745361
2025-11-20T15:25:04.481103,2,-25,-73.4956693649292
2025-11-20T15:25:04.668951,2,-25,-73.52469444274902
2025-11-20T15:25:04.856851,2,-25,-73.65212440490723
2025-11-20T15:25:05.044600,2,-25,-73.55273723602295
2025-11-20T15:25:05.232335,2,-25,-73.53841304779053
2025-11-20T15:25:05.419805,2,-25,-73.59117031097412
2025-11-20T15:25:05.607346,2,-25,-73.56651306152344
2025-11-20T15:25:05.794584,2,-25,-73.5835599899292
2025-11-20T15:25:05.981838,2,-25,-73.58252048492432
2025-11-20T15:25:06.168849,2,-25,-73.49889755249023
2025-11-20T15:25:06.355584,2,-25,-73.54367256164551
2025-11-20T15:25:06.542489,2,-25,-73.56115818023682
2025-11-20T15:25:54.057237,1,-30,-73.51728916168213
2025-11-20T15:25:54.244684,2,-25,-73.58461380004883
2025-11-20T15:25:54.431950,2,-25,-73.50106716156006
2025-11-20T15:25:54.617947,2,-25,-73.55774879455566
2025-11-20T15:25:54.805640,2,-25,-73.66438865661621
2025-11-20T15:25:54.991642,2,-25,-73.5503625869751
2025-11-20T15:25:55.177532,2,-25,-73.58580589294434
2025-11-20T15:28:56.630790,1,-30,-73.54204177856445
2025-11-20T15:31:01.308553,1,-30,-73.6422061920166
2025-11-20T15:33:53.134539,1,-30,-73.54211807250977
2025-11-20T15:37:33.718959,1,-30,-63.05722687832389
2025-11-20T15:37:33.719708,2,-25,-65.09430301943581
2025-11-20T15:37:33.720455,3,-20,-64.6278362833928
2025-11-20T15:37:33.721128,4,Noise,-74.52948745916657
2025-11-20T15:37:33.721867,5,-15,-72.89233113504399
2025-11-20T15:37:33.722533,6,-30,-78.56927274561053
2025-11-20T15:37:33.723196,7,-25,-60.83371972467574
2025-11-20T15:37:33.723874,8,-20,-66.53075810852704
2025-11-20T15:37:33.724700,9,Noise,-65.10170122018658
2025-11-20T15:51:15.018825,1,-30,-61.93788368152883
